Workbook

Sheet 사용법
A1: 창업진흥원 근무평정 점수 보정 실무 계산서
A2: 개정안 [별표 9] 「평가자별 평가점수의 보정 방법」을 엑셀 수식으로 구현한 파일
A4: 고지 — 이 파일의 모든 인명·점수는 산식 검증을 위한 모의 예시 데이터이며, 창업진흥원의 실제 근무평정 결과가 아니다.
A5: 이 파일은 조합이 2026년 2분기 노사협의회에 제출하는 개정안 [별표 9]의 구현이다. 정본은 docs/amendments.md 이며, 이 파일과 정본이 어긋나면 정본이 우선한다.
A7: 이 파일을 만든 이유
A8: 1. 검산 가능성의 증명 — 조합은 「검산할 수 없는 산식은 규정에 담을 수 없다」를 원칙으로 세웠고, 그 이유로 혼합효과 모형·Bradley-Terry·경험베이즈 등 고급 기법을 전부 폐기했다. 이 파일은 개정안 산식이 엑셀 수식 몇 줄로 구현된다는 물증이다. 모든 셀은 값이 아니라 수식이다 — 셀을 클릭해 확인하라.
A9: 2. MIS 개선 요청 명세 — 내부경영정보시스템 근무평정 모듈에 이 계산을 넣도록 요청할 때의 기능 명세서가 된다(⑦ 시트).
A11: 셀 색 구분
A12: 입력 셀 — 실무자가 채운다 | B12: 원점수 · 제7호 조정량 · 조정 사유 · 다면평가 점수 · 유효 응답 수 · 공통평가 점수 · 부서장 여부 · 배점 스위치
A13: 자동 계산 셀 — 손대지 않는다 | B13: 인원 n · 순위 r · s(n) · z · 보정점수 · 조정 후 점수 · 종합점수 · 등급 · 평정점 · 모든 검증 판정
A14: 고지 · 경고 | B14: 동점 입력 경고, 모의 데이터 고지 등 반드시 읽어야 하는 문구
A15: PASS / FAIL | B15: ⑤ 검증 시트의 판정. 녹색이 PASS, 적색이 FAIL이다. FAIL이 하나라도 있으면 입력을 다시 확인하라.
A17: 작업 순서
A18: 순서 | B18: 시트 | C18: 무엇을 하는가
A19: 1 | B19: ② 평가군 계산 | C19: 평가자명 · 평가군 구분(1차/2차) · 직급 · 피평가자 · 원점수를 입력한다. 평가군은 「동일 평가자 · 동일 평가구분 · 동일 직급군」이다([별표 9] 제1호). 평가군마다 행을 붙여서 쓴다.
A20: 2 | B20: ② 동점 확인 | C20: 4행의 「동점 입력 건수」가 0건인지 확인한다. 동점이 있으면 순위가 중복되어 산식이 깨진다. 개정 2가 동점을 금지하므로 정상 운용에서는 발생하지 않지만 입력 오류를 여기서 잡는다.
A21: 3 | B21: ② 제5호 확인 | C21: 인원 n이 6명 미만인 평가군은 「제5호 미실시」로 자동 표시되고, 2차 평가자의 보정점수가 자동으로 기준점수가 된다. 2차도 6명 미만이면 80점이 들어간다.
A22: 4 | B22: ② 제7호 조정 | C22: 1차 평가자가 조정란(±5점)에 입력한다. ⑤ 검증 시트에서 평가군별 합계가 0.00인지 확인한다. 조정한 피평가자는 사유란을 반드시 채운다. 2차 평가자는 조정하지 아니한다.
A23: 5 | B23: ③ 종합점수·등급 | C23: 다면(상향)평가 점수 · 유효 응답 수 · 공통평가 점수 · 부서장 여부를 입력한다. B3의 배점 스위치로 개정 14 채택안(75:20:5)과 현행(85:10:5)을 전환한다.
A24: 6 | B24: ③ 등급 확인 | C24: 등급 정원은 직급별 전사 단위로 최대잔여법에 따라 자동 배정된다(시트 하단 정원 블록). 부서 단위 배정이 아니다(규칙 제26조①).
A25: 7 | B25: ⑤ 검증 | C25: 모든 판정이 PASS인지 확인한다. 종합 판정 셀 하나만 봐도 된다.
A26: 8 | B26: 인쇄 · 제출 | C26: 사측 설명 시에는 ⑤ 검증 → ⑥ 예제 → ④ s(n) 표 순서로 보인다. ④는 「그 표는 어디서 나왔는가」에 대한 답이다.
A28: 시트 구성
A29: 시트 | B29: 내용
A30: 사용법 | B30: 이 시트. 색 구분과 작업 순서.
A31: 평가군 계산 | B31: ★ 주 시트. 평가군 구성 · 순위 · s(n) · z · 보정점수 · 제7호 조정. 실무자는 여기서만 작업한다.
A32: 종합점수·등급 | B32: 1차·2차 보정점수와 다면·공통을 합산한 종합점수, 직급별 등급(최대잔여법)과 평정점([별표 7]).
A33: s(n) 표 | B33: n = 2~40 의 z값과 그 표준편차를 NORM.S.INV · STDEVP 로 계산한다. 「s(n) 표는 어디서 나왔는가」에 대한 답.
A34: 검증 | B34: ★ 사측 설득의 핵심. 평균 80·표준편차 7 달성, ÷s(n) 없을 때의 미달, 조정 합계 0, 순위 보존, 절단 0건, 정원 합계를 PASS/FAIL로 자동 판정한다.
A35: 예제 | B35: 예제 A(극단 성향) · B(제5호) · C(균등 성향)를 수식으로 재현한다.
A36: MIS 요구사항 | B36: 내부경영정보시스템 근무평정 모듈에 요청할 기능 명세(화면·입력·계산·검증·출력·권한).
A37: 근거 조문 | B37: 각 계산이 개정안의 어느 조문에 대응하는지 정리한 표.
A39: 산식 요약 — [별표 9] 제3호
A40: z = Φ⁻¹( (r − 0.375) ÷ (n + 0.25) ) 보정점수 = 80 + 7 × z ÷ s(n)
A41: r = 평가군 내 순위(최저점자 1위 · 최고점자 n위) · n = 평가군 인원 · s(n) = 인원 n일 때 z값들의 표준편차(17명 이상은 1). 60점 미만은 60점, 100점 초과는 100점으로 하고 소수점 셋째자리에서 반올림한다. 엑셀에서는 =ROUND(MEDIAN(60,80+7*NORM.S.INV((r-0.375)/(n+0.25))/s,100),3) 이다.
A42: 조합이 먼저 밝히는 논점
A43: 제3호 후단의 「17명 이상은 s(n) = 1로 본다」를 그대로 적용하면 17명 이상 평가군의 표준편차가 7.00에 미달한다(n=17 → 6.51 · n=30 → 6.70 · n=40 → 6.76). 1차 평가군(부서 단위 3~16명)은 영향이 없으나 2차 평가군(본부 단위)은 통상 17명 이상이므로 영향을 받는다. 이 계산서는 규정 문언대로 구현하고 그 결과를 ⑤ 검증 시트 1-2절에 수치로 드러내 두었다. 해소하려면 제3호 후단을 삭제하고 s(n) 표를 인원 구간 전체로 확대하면 되며, ④ 시트가 이미 n = 40까지 계산해 두었다.

Sheet s(n) 표
A1: ④ s(n) 표 — 인원 n일 때 Blom z값들의 표준편차
A2: [별표 9] 제3호의 s(n)이다. z가 곧 정규 순서통계량 근사값이므로 s(n)은 그 모표준편차(STDEVP)다. s(n)은 해당 평가군 z값들의 표준편차(=STDEVP)다. 인원이 많아도 1로 보지 아니한다.
A3: 각 셀은 =NORM.S.INV((i−0.375)/(n+0.25)) 이다. 값을 적어 둔 것이 아니라 수식으로 계산한다.
A4: n | B4: 1 | C4: 2 | D4: 3 | E4: 4 | F4: 5 | G4: 6 | H4: 7 | I4: 8 | J4: 9 | K4: 10 | L4: 11 | M4: 12 | N4: 13 | O4: 14 | P4: 15 | Q4: 16 | R4: 17 | S4: 18 | T4: 19 | U4: 20 | V4: 21 | W4: 22 | X4: 23 | Y4: 24 | Z4: 25 | AA4: 26 | AB4: 27 | AC4: 28 | AD4: 29 | AE4: 30 | AF4: 31 | AG4: 32 | AH4: 33 | AI4: 34 | AJ4: 35 | AK4: 36 | AL4: 37 | AM4: 38 | AN4: 39 | AO4: 40 | AP4: s(n) 계산값 = STDEVP | AQ4: 규정 적용값 | AR4: [별표 9] 표 참고값 | AS4: 일치 판정
A5: 2 | B5: =IF(B$4<=$A5,NORM.S.INV((B$4-0.375)/($A5+0.25)),"") | C5: =IF(C$4<=$A5,NORM.S.INV((C$4-0.375)/($A5+0.25)),"") | D5: =IF(D$4<=$A5,NORM.S.INV((D$4-0.375)/($A5+0.25)),"") | E5: =IF(E$4<=$A5,NORM.S.INV((E$4-0.375)/($A5+0.25)),"") | F5: =IF(F$4<=$A5,NORM.S.INV((F$4-0.375)/($A5+0.25)),"") | G5: =IF(G$4<=$A5,NORM.S.INV((G$4-0.375)/($A5+0.25)),"") | H5: =IF(H$4<=$A5,NORM.S.INV((H$4-0.375)/($A5+0.25)),"") | I5: =IF(I$4<=$A5,NORM.S.INV((I$4-0.375)/($A5+0.25)),"") | ... AO5: =IF(AO$4<=$A5,NORM.S.INV((AO$4-0.375)/($A5+0.25)),"") | AP5: =STDEVP($B5:$AO5) | AQ5: =AP5 | AR5: 0.5895 | AS5: =IF(ROUND(AP5,4)=AR5,"PASS","FAIL")
A6: 3 | B6: =IF(B$4<=$A6,NORM.S.INV((B$4-0.375)/($A6+0.25)),"") | C6: =IF(C$4<=$A6,NORM.S.INV((C$4-0.375)/($A6+0.25)),"") | D6: =IF(D$4<=$A6,NORM.S.INV((D$4-0.375)/($A6+0.25)),"") | E6: =IF(E$4<=$A6,NORM.S.INV((E$4-0.375)/($A6+0.25)),"") | F6: =IF(F$4<=$A6,NORM.S.INV((F$4-0.375)/($A6+0.25)),"") | G6: =IF(G$4<=$A6,NORM.S.INV((G$4-0.375)/($A6+0.25)),"") | H6: =IF(H$4<=$A6,NORM.S.INV((H$4-0.375)/($A6+0.25)),"") | I6: =IF(I$4<=$A6,NORM.S.INV((I$4-0.375)/($A6+0.25)),"") | ... AO6: =IF(AO$4<=$A6,NORM.S.INV((AO$4-0.375)/($A6+0.25)),"") | AP6: =STDEVP($B6:$AO6) | AQ6: =AP6 | AR6: 0.7099 | AS6: =IF(ROUND(AP6,4)=AR6,"PASS","FAIL")
A7: 4 | B7: =IF(B$4<=$A7,NORM.S.INV((B$4-0.375)/($A7+0.25)),"") | C7: =IF(C$4<=$A7,NORM.S.INV((C$4-0.375)/($A7+0.25)),"") | D7: =IF(D$4<=$A7,NORM.S.INV((D$4-0.375)/($A7+0.25)),"") | E7: =IF(E$4<=$A7,NORM.S.INV((E$4-0.375)/($A7+0.25)),"") | F7: =IF(F$4<=$A7,NORM.S.INV((F$4-0.375)/($A7+0.25)),"") | G7: =IF(G$4<=$A7,NORM.S.INV((G$4-0.375)/($A7+0.25)),"") | H7: =IF(H$4<=$A7,NORM.S.INV((H$4-0.375)/($A7+0.25)),"") | I7: =IF(I$4<=$A7,NORM.S.INV((I$4-0.375)/($A7+0.25)),"") | ... AO7: =IF(AO$4<=$A7,NORM.S.INV((AO$4-0.375)/($A7+0.25)),"") | AP7: =STDEVP($B7:$AO7) | AQ7: =AP7 | AR7: 0.7714 | AS7: =IF(ROUND(AP7,4)=AR7,"PASS","FAIL")
A8: 5 | B8: =IF(B$4<=$A8,NORM.S.INV((B$4-0.375)/($A8+0.25)),"") | C8: =IF(C$4<=$A8,NORM.S.INV((C$4-0.375)/($A8+0.25)),"") | D8: =IF(D$4<=$A8,NORM.S.INV((D$4-0.375)/($A8+0.25)),"") | E8: =IF(E$4<=$A8,NORM.S.INV((E$4-0.375)/($A8+0.25)),"") | F8: =IF(F$4<=$A8,NORM.S.INV((F$4-0.375)/($A8+0.25)),"") | G8: =IF(G$4<=$A8,NORM.S.INV((G$4-0.375)/($A8+0.25)),"") | H8: =IF(H$4<=$A8,NORM.S.INV((H$4-0.375)/($A8+0.25)),"") | I8: =IF(I$4<=$A8,NORM.S.INV((I$4-0.375)/($A8+0.25)),"") | ... AO8: =IF(AO$4<=$A8,NORM.S.INV((AO$4-0.375)/($A8+0.25)),"") | AP8: =STDEVP($B8:$AO8) | AQ8: =AP8 | AR8: 0.8097 | AS8: =IF(ROUND(AP8,4)=AR8,"PASS","FAIL")
A9: 6 | B9: =IF(B$4<=$A9,NORM.S.INV((B$4-0.375)/($A9+0.25)),"") | C9: =IF(C$4<=$A9,NORM.S.INV((C$4-0.375)/($A9+0.25)),"") | D9: =IF(D$4<=$A9,NORM.S.INV((D$4-0.375)/($A9+0.25)),"") | E9: =IF(E$4<=$A9,NORM.S.INV((E$4-0.375)/($A9+0.25)),"") | F9: =IF(F$4<=$A9,NORM.S.INV((F$4-0.375)/($A9+0.25)),"") | G9: =IF(G$4<=$A9,NORM.S.INV((G$4-0.375)/($A9+0.25)),"") | H9: =IF(H$4<=$A9,NORM.S.INV((H$4-0.375)/($A9+0.25)),"") | I9: =IF(I$4<=$A9,NORM.S.INV((I$4-0.375)/($A9+0.25)),"") | ... AO9: =IF(AO$4<=$A9,NORM.S.INV((AO$4-0.375)/($A9+0.25)),"") | AP9: =STDEVP($B9:$AO9) | AQ9: =AP9 | AR9: 0.8361 | AS9: =IF(ROUND(AP9,4)=AR9,"PASS","FAIL")
A10: 7 | B10: =IF(B$4<=$A10,NORM.S.INV((B$4-0.375)/($A10+0.25)),"") | C10: =IF(C$4<=$A10,NORM.S.INV((C$4-0.375)/($A10+0.25)),"") | D10: =IF(D$4<=$A10,NORM.S.INV((D$4-0.375)/($A10+0.25)),"") | E10: =IF(E$4<=$A10,NORM.S.INV((E$4-0.375)/($A10+0.25)),"") | F10: =IF(F$4<=$A10,NORM.S.INV((F$4-0.375)/($A10+0.25)),"") | G10: =IF(G$4<=$A10,NORM.S.INV((G$4-0.375)/($A10+0.25)),"") | H10: =IF(H$4<=$A10,NORM.S.INV((H$4-0.375)/($A10+0.25)),"") | I10: =IF(I$4<=$A10,NORM.S.INV((I$4-0.375)/($A10+0.25)),"") | ... AO10: =IF(AO$4<=$A10,NORM.S.INV((AO$4-0.375)/($A10+0.25)),"") | AP10: =STDEVP($B10:$AO10) | AQ10: =AP10 | AR10: 0.8555 | AS10: =IF(ROUND(AP10,4)=AR10,"PASS","FAIL")
A11: 8 | B11: =IF(B$4<=$A11,NORM.S.INV((B$4-0.375)/($A11+0.25)),"") | C11: =IF(C$4<=$A11,NORM.S.INV((C$4-0.375)/($A11+0.25)),"") | D11: =IF(D$4<=$A11,NORM.S.INV((D$4-0.375)/($A11+0.25)),"") | E11: =IF(E$4<=$A11,NORM.S.INV((E$4-0.375)/($A11+0.25)),"") | F11: =IF(F$4<=$A11,NORM.S.INV((F$4-0.375)/($A11+0.25)),"") | G11: =IF(G$4<=$A11,NORM.S.INV((G$4-0.375)/($A11+0.25)),"") | H11: =IF(H$4<=$A11,NORM.S.INV((H$4-0.375)/($A11+0.25)),"") | I11: =IF(I$4<=$A11,NORM.S.INV((I$4-0.375)/($A11+0.25)),"") | ... AO11: =IF(AO$4<=$A11,NORM.S.INV((AO$4-0.375)/($A11+0.25)),"") | AP11: =STDEVP($B11:$AO11) | AQ11: =AP11 | AR11: 0.8704 | AS11: =IF(ROUND(AP11,4)=AR11,"PASS","FAIL")
A12: 9 | B12: =IF(B$4<=$A12,NORM.S.INV((B$4-0.375)/($A12+0.25)),"") | C12: =IF(C$4<=$A12,NORM.S.INV((C$4-0.375)/($A12+0.25)),"") | D12: =IF(D$4<=$A12,NORM.S.INV((D$4-0.375)/($A12+0.25)),"") | E12: =IF(E$4<=$A12,NORM.S.INV((E$4-0.375)/($A12+0.25)),"") | F12: =IF(F$4<=$A12,NORM.S.INV((F$4-0.375)/($A12+0.25)),"") | G12: =IF(G$4<=$A12,NORM.S.INV((G$4-0.375)/($A12+0.25)),"") | H12: =IF(H$4<=$A12,NORM.S.INV((H$4-0.375)/($A12+0.25)),"") | I12: =IF(I$4<=$A12,NORM.S.INV((I$4-0.375)/($A12+0.25)),"") | ... AO12: =IF(AO$4<=$A12,NORM.S.INV((AO$4-0.375)/($A12+0.25)),"") | AP12: =STDEVP($B12:$AO12) | AQ12: =AP12 | AR12: 0.8823 | AS12: =IF(ROUND(AP12,4)=AR12,"PASS","FAIL")
A13: 10 | B13: =IF(B$4<=$A13,NORM.S.INV((B$4-0.375)/($A13+0.25)),"") | C13: =IF(C$4<=$A13,NORM.S.INV((C$4-0.375)/($A13+0.25)),"") | D13: =IF(D$4<=$A13,NORM.S.INV((D$4-0.375)/($A13+0.25)),"") | E13: =IF(E$4<=$A13,NORM.S.INV((E$4-0.375)/($A13+0.25)),"") | F13: =IF(F$4<=$A13,NORM.S.INV((F$4-0.375)/($A13+0.25)),"") | G13: =IF(G$4<=$A13,NORM.S.INV((G$4-0.375)/($A13+0.25)),"") | H13: =IF(H$4<=$A13,NORM.S.INV((H$4-0.375)/($A13+0.25)),"") | I13: =IF(I$4<=$A13,NORM.S.INV((I$4-0.375)/($A13+0.25)),"") | ... AO13: =IF(AO$4<=$A13,NORM.S.INV((AO$4-0.375)/($A13+0.25)),"") | AP13: =STDEVP($B13:$AO13) | AQ13: =AP13 | AR13: 0.892 | AS13: =IF(ROUND(AP13,4)=AR13,"PASS","FAIL")
A14: 11 | B14: =IF(B$4<=$A14,NORM.S.INV((B$4-0.375)/($A14+0.25)),"") | C14: =IF(C$4<=$A14,NORM.S.INV((C$4-0.375)/($A14+0.25)),"") | D14: =IF(D$4<=$A14,NORM.S.INV((D$4-0.375)/($A14+0.25)),"") | E14: =IF(E$4<=$A14,NORM.S.INV((E$4-0.375)/($A14+0.25)),"") | F14: =IF(F$4<=$A14,NORM.S.INV((F$4-0.375)/($A14+0.25)),"") | G14: =IF(G$4<=$A14,NORM.S.INV((G$4-0.375)/($A14+0.25)),"") | H14: =IF(H$4<=$A14,NORM.S.INV((H$4-0.375)/($A14+0.25)),"") | I14: =IF(I$4<=$A14,NORM.S.INV((I$4-0.375)/($A14+0.25)),"") | ... AO14: =IF(AO$4<=$A14,NORM.S.INV((AO$4-0.375)/($A14+0.25)),"") | AP14: =STDEVP($B14:$AO14) | AQ14: =AP14 | AR14: 0.9001 | AS14: =IF(ROUND(AP14,4)=AR14,"PASS","FAIL")
A15: 12 | B15: =IF(B$4<=$A15,NORM.S.INV((B$4-0.375)/($A15+0.25)),"") | C15: =IF(C$4<=$A15,NORM.S.INV((C$4-0.375)/($A15+0.25)),"") | D15: =IF(D$4<=$A15,NORM.S.INV((D$4-0.375)/($A15+0.25)),"") | E15: =IF(E$4<=$A15,NORM.S.INV((E$4-0.375)/($A15+0.25)),"") | F15: =IF(F$4<=$A15,NORM.S.INV((F$4-0.375)/($A15+0.25)),"") | G15: =IF(G$4<=$A15,NORM.S.INV((G$4-0.375)/($A15+0.25)),"") | H15: =IF(H$4<=$A15,NORM.S.INV((H$4-0.375)/($A15+0.25)),"") | I15: =IF(I$4<=$A15,NORM.S.INV((I$4-0.375)/($A15+0.25)),"") | ... AO15: =IF(AO$4<=$A15,NORM.S.INV((AO$4-0.375)/($A15+0.25)),"") | AP15: =STDEVP($B15:$AO15) | AQ15: =AP15 | AR15: 0.907 | AS15: =IF(ROUND(AP15,4)=AR15,"PASS","FAIL")
A16: 13 | B16: =IF(B$4<=$A16,NORM.S.INV((B$4-0.375)/($A16+0.25)),"") | C16: =IF(C$4<=$A16,NORM.S.INV((C$4-0.375)/($A16+0.25)),"") | D16: =IF(D$4<=$A16,NORM.S.INV((D$4-0.375)/($A16+0.25)),"") | E16: =IF(E$4<=$A16,NORM.S.INV((E$4-0.375)/($A16+0.25)),"") | F16: =IF(F$4<=$A16,NORM.S.INV((F$4-0.375)/($A16+0.25)),"") | G16: =IF(G$4<=$A16,NORM.S.INV((G$4-0.375)/($A16+0.25)),"") | H16: =IF(H$4<=$A16,NORM.S.INV((H$4-0.375)/($A16+0.25)),"") | I16: =IF(I$4<=$A16,NORM.S.INV((I$4-0.375)/($A16+0.25)),"") | ... AO16: =IF(AO$4<=$A16,NORM.S.INV((AO$4-0.375)/($A16+0.25)),"") | AP16: =STDEVP($B16:$AO16) | AQ16: =AP16 | AR16: 0.9129 | AS16: =IF(ROUND(AP16,4)=AR16,"PASS","FAIL")
... A19: 16 | B19: =IF(B$4<=$A19,NORM.S.INV((B$4-0.375)/($A19+0.25)),"") | C19: =IF(C$4<=$A19,NORM.S.INV((C$4-0.375)/($A19+0.25)),"") | D19: =IF(D$4<=$A19,NORM.S.INV((D$4-0.375)/($A19+0.25)),"") | E19: =IF(E$4<=$A19,NORM.S.INV((E$4-0.375)/($A19+0.25)),"") | F19: =IF(F$4<=$A19,NORM.S.INV((F$4-0.375)/($A19+0.25)),"") | G19: =IF(G$4<=$A19,NORM.S.INV((G$4-0.375)/($A19+0.25)),"") | H19: =IF(H$4<=$A19,NORM.S.INV((H$4-0.375)/($A19+0.25)),"") | I19: =IF(I$4<=$A19,NORM.S.INV((I$4-0.375)/($A19+0.25)),"") | ... AO19: =IF(AO$4<=$A19,NORM.S.INV((AO$4-0.375)/($A19+0.25)),"") | AP19: =STDEVP($B19:$AO19) | AQ19: =AP19 | AR19: 0.9266 | AS19: =IF(ROUND(AP19,4)=AR19,"PASS","FAIL")
A20: 17 | B20: =IF(B$4<=$A20,NORM.S.INV((B$4-0.375)/($A20+0.25)),"") | C20: =IF(C$4<=$A20,NORM.S.INV((C$4-0.375)/($A20+0.25)),"") | D20: =IF(D$4<=$A20,NORM.S.INV((D$4-0.375)/($A20+0.25)),"") | E20: =IF(E$4<=$A20,NORM.S.INV((E$4-0.375)/($A20+0.25)),"") | F20: =IF(F$4<=$A20,NORM.S.INV((F$4-0.375)/($A20+0.25)),"") | G20: =IF(G$4<=$A20,NORM.S.INV((G$4-0.375)/($A20+0.25)),"") | H20: =IF(H$4<=$A20,NORM.S.INV((H$4-0.375)/($A20+0.25)),"") | I20: =IF(I$4<=$A20,NORM.S.INV((I$4-0.375)/($A20+0.25)),"") | ... AO20: =IF(AO$4<=$A20,NORM.S.INV((AO$4-0.375)/($A20+0.25)),"") | AP20: =STDEVP($B20:$AO20) | AQ20: =AP20 | AR20: — | AS20: 참고값 없음 (s=1 적용)
A21: 18 | B21: =IF(B$4<=$A21,NORM.S.INV((B$4-0.375)/($A21+0.25)),"") | C21: =IF(C$4<=$A21,NORM.S.INV((C$4-0.375)/($A21+0.25)),"") | D21: =IF(D$4<=$A21,NORM.S.INV((D$4-0.375)/($A21+0.25)),"") | E21: =IF(E$4<=$A21,NORM.S.INV((E$4-0.375)/($A21+0.25)),"") | F21: =IF(F$4<=$A21,NORM.S.INV((F$4-0.375)/($A21+0.25)),"") | G21: =IF(G$4<=$A21,NORM.S.INV((G$4-0.375)/($A21+0.25)),"") | H21: =IF(H$4<=$A21,NORM.S.INV((H$4-0.375)/($A21+0.25)),"") | I21: =IF(I$4<=$A21,NORM.S.INV((I$4-0.375)/($A21+0.25)),"") | ... AO21: =IF(AO$4<=$A21,NORM.S.INV((AO$4-0.375)/($A21+0.25)),"") | AP21: =STDEVP($B21:$AO21) | AQ21: =AP21 | AR21: — | AS21: 참고값 없음 (s=1 적용)
A22: 19 | B22: =IF(B$4<=$A22,NORM.S.INV((B$4-0.375)/($A22+0.25)),"") | C22: =IF(C$4<=$A22,NORM.S.INV((C$4-0.375)/($A22+0.25)),"") | D22: =IF(D$4<=$A22,NORM.S.INV((D$4-0.375)/($A22+0.25)),"") | E22: =IF(E$4<=$A22,NORM.S.INV((E$4-0.375)/($A22+0.25)),"") | F22: =IF(F$4<=$A22,NORM.S.INV((F$4-0.375)/($A22+0.25)),"") | G22: =IF(G$4<=$A22,NORM.S.INV((G$4-0.375)/($A22+0.25)),"") | H22: =IF(H$4<=$A22,NORM.S.INV((H$4-0.375)/($A22+0.25)),"") | I22: =IF(I$4<=$A22,NORM.S.INV((I$4-0.375)/($A22+0.25)),"") | ... AO22: =IF(AO$4<=$A22,NORM.S.INV((AO$4-0.375)/($A22+0.25)),"") | AP22: =STDEVP($B22:$AO22) | AQ22: =AP22 | AR22: — | AS22: 참고값 없음 (s=1 적용)
A23: 20 | B23: =IF(B$4<=$A23,NORM.S.INV((B$4-0.375)/($A23+0.25)),"") | C23: =IF(C$4<=$A23,NORM.S.INV((C$4-0.375)/($A23+0.25)),"") | D23: =IF(D$4<=$A23,NORM.S.INV((D$4-0.375)/($A23+0.25)),"") | E23: =IF(E$4<=$A23,NORM.S.INV((E$4-0.375)/($A23+0.25)),"") | F23: =IF(F$4<=$A23,NORM.S.INV((F$4-0.375)/($A23+0.25)),"") | G23: =IF(G$4<=$A23,NORM.S.INV((G$4-0.375)/($A23+0.25)),"") | H23: =IF(H$4<=$A23,NORM.S.INV((H$4-0.375)/($A23+0.25)),"") | I23: =IF(I$4<=$A23,NORM.S.INV((I$4-0.375)/($A23+0.25)),"") | ... AO23: =IF(AO$4<=$A23,NORM.S.INV((AO$4-0.375)/($A23+0.25)),"") | AP23: =STDEVP($B23:$AO23) | AQ23: =AP23 | AR23: — | AS23: 참고값 없음 (s=1 적용)
A24: 21 | B24: =IF(B$4<=$A24,NORM.S.INV((B$4-0.375)/($A24+0.25)),"") | C24: =IF(C$4<=$A24,NORM.S.INV((C$4-0.375)/($A24+0.25)),"") | D24: =IF(D$4<=$A24,NORM.S.INV((D$4-0.375)/($A24+0.25)),"") | E24: =IF(E$4<=$A24,NORM.S.INV((E$4-0.375)/($A24+0.25)),"") | F24: =IF(F$4<=$A24,NORM.S.INV((F$4-0.375)/($A24+0.25)),"") | G24: =IF(G$4<=$A24,NORM.S.INV((G$4-0.375)/($A24+0.25)),"") | H24: =IF(H$4<=$A24,NORM.S.INV((H$4-0.375)/($A24+0.25)),"") | I24: =IF(I$4<=$A24,NORM.S.INV((I$4-0.375)/($A24+0.25)),"") | ... AO24: =IF(AO$4<=$A24,NORM.S.INV((AO$4-0.375)/($A24+0.25)),"") | AP24: =STDEVP($B24:$AO24) | AQ24: =AP24 | AR24: — | AS24: 참고값 없음 (s=1 적용)
A25: 22 | B25: =IF(B$4<=$A25,NORM.S.INV((B$4-0.375)/($A25+0.25)),"") | C25: =IF(C$4<=$A25,NORM.S.INV((C$4-0.375)/($A25+0.25)),"") | D25: =IF(D$4<=$A25,NORM.S.INV((D$4-0.375)/($A25+0.25)),"") | E25: =IF(E$4<=$A25,NORM.S.INV((E$4-0.375)/($A25+0.25)),"") | F25: =IF(F$4<=$A25,NORM.S.INV((F$4-0.375)/($A25+0.25)),"") | G25: =IF(G$4<=$A25,NORM.S.INV((G$4-0.375)/($A25+0.25)),"") | H25: =IF(H$4<=$A25,NORM.S.INV((H$4-0.375)/($A25+0.25)),"") | I25: =IF(I$4<=$A25,NORM.S.INV((I$4-0.375)/($A25+0.25)),"") | ... AO25: =IF(AO$4<=$A25,NORM.S.INV((AO$4-0.375)/($A25+0.25)),"") | AP25: =STDEVP($B25:$AO25) | AQ25: =AP25 | AR25: — | AS25: 참고값 없음 (s=1 적용)
A26: 23 | B26: =IF(B$4<=$A26,NORM.S.INV((B$4-0.375)/($A26+0.25)),"") | C26: =IF(C$4<=$A26,NORM.S.INV((C$4-0.375)/($A26+0.25)),"") | D26: =IF(D$4<=$A26,NORM.S.INV((D$4-0.375)/($A26+0.25)),"") | E26: =IF(E$4<=$A26,NORM.S.INV((E$4-0.375)/($A26+0.25)),"") | F26: =IF(F$4<=$A26,NORM.S.INV((F$4-0.375)/($A26+0.25)),"") | G26: =IF(G$4<=$A26,NORM.S.INV((G$4-0.375)/($A26+0.25)),"") | H26: =IF(H$4<=$A26,NORM.S.INV((H$4-0.375)/($A26+0.25)),"") | I26: =IF(I$4<=$A26,NORM.S.INV((I$4-0.375)/($A26+0.25)),"") | ... AO26: =IF(AO$4<=$A26,NORM.S.INV((AO$4-0.375)/($A26+0.25)),"") | AP26: =STDEVP($B26:$AO26) | AQ26: =AP26 | AR26: — | AS26: 참고값 없음 (s=1 적용)
A27: 24 | B27: =IF(B$4<=$A27,NORM.S.INV((B$4-0.375)/($A27+0.25)),"") | C27: =IF(C$4<=$A27,NORM.S.INV((C$4-0.375)/($A27+0.25)),"") | D27: =IF(D$4<=$A27,NORM.S.INV((D$4-0.375)/($A27+0.25)),"") | E27: =IF(E$4<=$A27,NORM.S.INV((E$4-0.375)/($A27+0.25)),"") | F27: =IF(F$4<=$A27,NORM.S.INV((F$4-0.375)/($A27+0.25)),"") | G27: =IF(G$4<=$A27,NORM.S.INV((G$4-0.375)/($A27+0.25)),"") | H27: =IF(H$4<=$A27,NORM.S.INV((H$4-0.375)/($A27+0.25)),"") | I27: =IF(I$4<=$A27,NORM.S.INV((I$4-0.375)/($A27+0.25)),"") | ... AO27: =IF(AO$4<=$A27,NORM.S.INV((AO$4-0.375)/($A27+0.25)),"") | AP27: =STDEVP($B27:$AO27) | AQ27: =AP27 | AR27: — | AS27: 참고값 없음 (s=1 적용)
A28: 25 | B28: =IF(B$4<=$A28,NORM.S.INV((B$4-0.375)/($A28+0.25)),"") | C28: =IF(C$4<=$A28,NORM.S.INV((C$4-0.375)/($A28+0.25)),"") | D28: =IF(D$4<=$A28,NORM.S.INV((D$4-0.375)/($A28+0.25)),"") | E28: =IF(E$4<=$A28,NORM.S.INV((E$4-0.375)/($A28+0.25)),"") | F28: =IF(F$4<=$A28,NORM.S.INV((F$4-0.375)/($A28+0.25)),"") | G28: =IF(G$4<=$A28,NORM.S.INV((G$4-0.375)/($A28+0.25)),"") | H28: =IF(H$4<=$A28,NORM.S.INV((H$4-0.375)/($A28+0.25)),"") | I28: =IF(I$4<=$A28,NORM.S.INV((I$4-0.375)/($A28+0.25)),"") | ... AO28: =IF(AO$4<=$A28,NORM.S.INV((AO$4-0.375)/($A28+0.25)),"") | AP28: =STDEVP($B28:$AO28) | AQ28: =AP28 | AR28: — | AS28: 참고값 없음 (s=1 적용)
A29: 26 | B29: =IF(B$4<=$A29,NORM.S.INV((B$4-0.375)/($A29+0.25)),"") | C29: =IF(C$4<=$A29,NORM.S.INV((C$4-0.375)/($A29+0.25)),"") | D29: =IF(D$4<=$A29,NORM.S.INV((D$4-0.375)/($A29+0.25)),"") | E29: =IF(E$4<=$A29,NORM.S.INV((E$4-0.375)/($A29+0.25)),"") | F29: =IF(F$4<=$A29,NORM.S.INV((F$4-0.375)/($A29+0.25)),"") | G29: =IF(G$4<=$A29,NORM.S.INV((G$4-0.375)/($A29+0.25)),"") | H29: =IF(H$4<=$A29,NORM.S.INV((H$4-0.375)/($A29+0.25)),"") | I29: =IF(I$4<=$A29,NORM.S.INV((I$4-0.375)/($A29+0.25)),"") | ... AO29: =IF(AO$4<=$A29,NORM.S.INV((AO$4-0.375)/($A29+0.25)),"") | AP29: =STDEVP($B29:$AO29) | AQ29: =AP29 | AR29: — | AS29: 참고값 없음 (s=1 적용)
A30: 27 | B30: =IF(B$4<=$A30,NORM.S.INV((B$4-0.375)/($A30+0.25)),"") | C30: =IF(C$4<=$A30,NORM.S.INV((C$4-0.375)/($A30+0.25)),"") | D30: =IF(D$4<=$A30,NORM.S.INV((D$4-0.375)/($A30+0.25)),"") | E30: =IF(E$4<=$A30,NORM.S.INV((E$4-0.375)/($A30+0.25)),"") | F30: =IF(F$4<=$A30,NORM.S.INV((F$4-0.375)/($A30+0.25)),"") | G30: =IF(G$4<=$A30,NORM.S.INV((G$4-0.375)/($A30+0.25)),"") | H30: =IF(H$4<=$A30,NORM.S.INV((H$4-0.375)/($A30+0.25)),"") | I30: =IF(I$4<=$A30,NORM.S.INV((I$4-0.375)/($A30+0.25)),"") | ... AO30: =IF(AO$4<=$A30,NORM.S.INV((AO$4-0.375)/($A30+0.25)),"") | AP30: =STDEVP($B30:$AO30) | AQ30: =AP30 | AR30: — | AS30: 참고값 없음 (s=1 적용)
A31: 28 | B31: =IF(B$4<=$A31,NORM.S.INV((B$4-0.375)/($A31+0.25)),"") | C31: =IF(C$4<=$A31,NORM.S.INV((C$4-0.375)/($A31+0.25)),"") | D31: =IF(D$4<=$A31,NORM.S.INV((D$4-0.375)/($A31+0.25)),"") | E31: =IF(E$4<=$A31,NORM.S.INV((E$4-0.375)/($A31+0.25)),"") | F31: =IF(F$4<=$A31,NORM.S.INV((F$4-0.375)/($A31+0.25)),"") | G31: =IF(G$4<=$A31,NORM.S.INV((G$4-0.375)/($A31+0.25)),"") | H31: =IF(H$4<=$A31,NORM.S.INV((H$4-0.375)/($A31+0.25)),"") | I31: =IF(I$4<=$A31,NORM.S.INV((I$4-0.375)/($A31+0.25)),"") | ... AO31: =IF(AO$4<=$A31,NORM.S.INV((AO$4-0.375)/($A31+0.25)),"") | AP31: =STDEVP($B31:$AO31) | AQ31: =AP31 | AR31: — | AS31: 참고값 없음 (s=1 적용)
... A43: 40 | B43: =IF(B$4<=$A43,NORM.S.INV((B$4-0.375)/($A43+0.25)),"") | C43: =IF(C$4<=$A43,NORM.S.INV((C$4-0.375)/($A43+0.25)),"") | D43: =IF(D$4<=$A43,NORM.S.INV((D$4-0.375)/($A43+0.25)),"") | E43: =IF(E$4<=$A43,NORM.S.INV((E$4-0.375)/($A43+0.25)),"") | F43: =IF(F$4<=$A43,NORM.S.INV((F$4-0.375)/($A43+0.25)),"") | G43: =IF(G$4<=$A43,NORM.S.INV((G$4-0.375)/($A43+0.25)),"") | H43: =IF(H$4<=$A43,NORM.S.INV((H$4-0.375)/($A43+0.25)),"") | I43: =IF(I$4<=$A43,NORM.S.INV((I$4-0.375)/($A43+0.25)),"") | ... AO43: =IF(AO$4<=$A43,NORM.S.INV((AO$4-0.375)/($A43+0.25)),"") | AP43: =STDEVP($B43:$AO43) | AQ43: =AP43 | AR43: — | AS43: 참고값 없음 (s=1 적용)

Sheet 평가군 계산
A1: ② 평가군 계산 — 개정안 [별표 9] 제1호~제3호·제5호·제7호
A2: 고지 — 이 파일의 모든 인명·점수는 산식 검증을 위한 모의 예시 데이터이며, 창업진흥원의 실제 근무평정 결과가 아니다.
A3: 입력(연노랑): 원점수 · 조정(제7호) · 조정 사유 나머지(연회색)는 모두 자동 계산
A4: 동점 입력 건수 → | C4: =IF(COUNTIF($Q$6:$Q$79,"★동점")=0,"0건 (정상)",COUNTIF($Q$6:$Q$79,"★동점")&"건 ★ 개정 2 위반 — 순위가 중복되어 산식이 깨진다. 원점수를 고쳐라") | L4: 제5호 적용 평가군 수 → | O4: =SUMPRODUCT((COUNTIF($A$6:$A$79,$A$6:$A$79)<6)/COUNTIF($A$6:$A$79,$A$6:$A$79))
A5: 평가군 | B5: 평가자명 | C5: 평가군 구분 | D5: 직급 | E5: 피평가자 | F5: 원점수 | G5: 인원 n | H5: 순위 r (낮은 순 = 1위) | I5: s(n) | J5: p = (r−0.375)/(n+0.25) | K5: z = Φ⁻¹(p) | L5: 보정점수 (제3호) | M5: 적용 기준점수 (제5호 반영) | N5: 조정 (제7호 ±5) | O5: 조정 후 점수 | P5: 조정 사유 | Q5: 동점 경고 | R5: 보정 후 순위 | S5: 순위 보존 검증 | T5: 키 (계산용) | U5: 절단 전 보정점수 (60·100 미적용) | V5: 절단 전 조정 후 점수 (60·100 미적용)
A6: 평가군 1 | B6: 평가자 1 | C6: 1차 | D6: 5급 | E6: 직원01 | F6: 98 | G6: =COUNTIF($A$6:$A$79,$A6) | H6: =RANK.EQ($F6,$F$6:$F$15,1) | I6: =INDEX('s(n) 표'!$AQ$5:$AQ$43,MATCH($G6,'s(n) 표'!$A$5:$A$43,0)) | J6: =($H6-0.375)/($G6+0.25) | K6: =NORM.S.INV($J6) | L6: =IF($G6<6,"",ROUND(MEDIAN(60,80+7*$K6/$I6,100),3)) | M6: =IF($G6>=6,$L6,IFERROR(IF(INDEX($L$6:$L$79,MATCH($E6&"|2차",$T$6:$T$79,0))="",80,INDEX($L$6:$L$79,MATCH($E6&"|2차",$T$6:$T$79,0))),80)) | N6: 5 | O6: =IF($N6="",$M6,ROUND(MEDIAN(60,$M6+$N6,100),3)) | P6: ±5점 조정 — 사유 기재 필수 | Q6: =IF(COUNTIFS($A$6:$A$79,$A6,$F$6:$F$79,$F6)>1,"★동점","") | R6: =IF($L6="","",RANK.EQ($L6,$L$6:$L$15,1)) | S6: =IF($L6="","제5호 - 미실시",IF($R6=$H6,"보존","★불일치")) | T6: =$E6&"|"&$C6 | U6: =IF($G6<6,"",80+7*$K6/$I6) | V6: =IF($N6="",$M6,$M6+$N6)
A7: 평가군 1 | B7: 평가자 1 | C7: 1차 | D7: 5급 | E7: 직원02 | F7: 95 | G7: =COUNTIF($A$6:$A$79,$A7) | H7: =RANK.EQ($F7,$F$6:$F$15,1) | I7: =INDEX('s(n) 표'!$AQ$5:$AQ$43,MATCH($G7,'s(n) 표'!$A$5:$A$43,0)) | J7: =($H7-0.375)/($G7+0.25) | K7: =NORM.S.INV($J7) | L7: =IF($G7<6,"",ROUND(MEDIAN(60,80+7*$K7/$I7,100),3)) | M7: =IF($G7>=6,$L7,IFERROR(IF(INDEX($L$6:$L$79,MATCH($E7&"|2차",$T$6:$T$79,0))="",80,INDEX($L$6:$L$79,MATCH($E7&"|2차",$T$6:$T$79,0))),80)) | N7: 3 | O7: =IF($N7="",$M7,ROUND(MEDIAN(60,$M7+$N7,100),3)) | P7: 조정 사유 기재 | Q7: =IF(COUNTIFS($A$6:$A$79,$A7,$F$6:$F$79,$F7)>1,"★동점","") | R7: =IF($L7="","",RANK.EQ($L7,$L$6:$L$15,1)) | S7: =IF($L7="","제5호 - 미실시",IF($R7=$H7,"보존","★불일치")) | T7: =$E7&"|"&$C7 | U7: =IF($G7<6,"",80+7*$K7/$I7) | V7: =IF($N7="",$M7,$M7+$N7)
A8: 평가군 1 | B8: 평가자 1 | C8: 1차 | D8: 5급 | E8: 직원03 | F8: 92 | G8: =COUNTIF($A$6:$A$79,$A8) | H8: =RANK.EQ($F8,$F$6:$F$15,1) | I8: =INDEX('s(n) 표'!$AQ$5:$AQ$43,MATCH($G8,'s(n) 표'!$A$5:$A$43,0)) | J8: =($H8-0.375)/($G8+0.25) | K8: =NORM.S.INV($J8) | L8: =IF($G8<6,"",ROUND(MEDIAN(60,80+7*$K8/$I8,100),3)) | M8: =IF($G8>=6,$L8,IFERROR(IF(INDEX($L$6:$L$79,MATCH($E8&"|2차",$T$6:$T$79,0))="",80,INDEX($L$6:$L$79,MATCH($E8&"|2차",$T$6:$T$79,0))),80)) | N8: 2 | O8: =IF($N8="",$M8,ROUND(MEDIAN(60,$M8+$N8,100),3)) | P8: 조정 사유 기재 | Q8: =IF(COUNTIFS($A$6:$A$79,$A8,$F$6:$F$79,$F8)>1,"★동점","") | R8: =IF($L8="","",RANK.EQ($L8,$L$6:$L$15,1)) | S8: =IF($L8="","제5호 - 미실시",IF($R8=$H8,"보존","★불일치")) | T8: =$E8&"|"&$C8 | U8: =IF($G8<6,"",80+7*$K8/$I8) | V8: =IF($N8="",$M8,$M8+$N8)
A9: 평가군 1 | B9: 평가자 1 | C9: 1차 | D9: 5급 | E9: 직원04 | F9: 88 | G9: =COUNTIF($A$6:$A$79,$A9) | H9: =RANK.EQ($F9,$F$6:$F$15,1) | I9: =INDEX('s(n) 표'!$AQ$5:$AQ$43,MATCH($G9,'s(n) 표'!$A$5:$A$43,0)) | J9: =($H9-0.375)/($G9+0.25) | K9: =NORM.S.INV($J9) | L9: =IF($G9<6,"",ROUND(MEDIAN(60,80+7*$K9/$I9,100),3)) | M9: =IF($G9>=6,$L9,IFERROR(IF(INDEX($L$6:$L$79,MATCH($E9&"|2차",$T$6:$T$79,0))="",80,INDEX($L$6:$L$79,MATCH($E9&"|2차",$T$6:$T$79,0))),80)) | N9: 1 | O9: =IF($N9="",$M9,ROUND(MEDIAN(60,$M9+$N9,100),3)) | P9: 조정 사유 기재 | Q9: =IF(COUNTIFS($A$6:$A$79,$A9,$F$6:$F$79,$F9)>1,"★동점","") | R9: =IF($L9="","",RANK.EQ($L9,$L$6:$L$15,1)) | S9: =IF($L9="","제5호 - 미실시",IF($R9=$H9,"보존","★불일치")) | T9: =$E9&"|"&$C9 | U9: =IF($G9<6,"",80+7*$K9/$I9) | V9: =IF($N9="",$M9,$M9+$N9)
A10: 평가군 1 | B10: 평가자 1 | C10: 1차 | D10: 5급 | E10: 직원05 | F10: 84 | G10: =COUNTIF($A$6:$A$79,$A10) | H10: =RANK.EQ($F10,$F$6:$F$15,1) | I10: =INDEX('s(n) 표'!$AQ$5:$AQ$43,MATCH($G10,'s(n) 표'!$A$5:$A$43,0)) | J10: =($H10-0.375)/($G10+0.25) | K10: =NORM.S.INV($J10) | L10: =IF($G10<6,"",ROUND(MEDIAN(60,80+7*$K10/$I10,100),3)) | M10: =IF($G10>=6,$L10,IFERROR(IF(INDEX($L$6:$L$79,MATCH($E10&"|2차",$T$6:$T$79,0))="",80,INDEX($L$6:$L$79,MATCH($E10&"|2차",$T$6:$T$79,0))),80)) | N10: 0 | O10: =IF($N10="",$M10,ROUND(MEDIAN(60,$M10+$N10,100),3)) | Q10: =IF(COUNTIFS($A$6:$A$79,$A10,$F$6:$F$79,$F10)>1,"★동점","") | R10: =IF($L10="","",RANK.EQ($L10,$L$6:$L$15,1)) | S10: =IF($L10="","제5호 - 미실시",IF($R10=$H10,"보존","★불일치")) | T10: =$E10&"|"&$C10 | U10: =IF($G10<6,"",80+7*$K10/$I10) | V10: =IF($N10="",$M10,$M10+$N10)
A11: 평가군 1 | B11: 평가자 1 | C11: 1차 | D11: 5급 | E11: 직원06 | F11: 80 | G11: =COUNTIF($A$6:$A$79,$A11) | H11: =RANK.EQ($F11,$F$6:$F$15,1) | I11: =INDEX('s(n) 표'!$AQ$5:$AQ$43,MATCH($G11,'s(n) 표'!$A$5:$A$43,0)) | J11: =($H11-0.375)/($G11+0.25) | K11: =NORM.S.INV($J11) | L11: =IF($G11<6,"",ROUND(MEDIAN(60,80+7*$K11/$I11,100),3)) | M11: =IF($G11>=6,$L11,IFERROR(IF(INDEX($L$6:$L$79,MATCH($E11&"|2차",$T$6:$T$79,0))="",80,INDEX($L$6:$L$79,MATCH($E11&"|2차",$T$6:$T$79,0))),80)) | N11: 0 | O11: =IF($N11="",$M11,ROUND(MEDIAN(60,$M11+$N11,100),3)) | Q11: =IF(COUNTIFS($A$6:$A$79,$A11,$F$6:$F$79,$F11)>1,"★동점","") | R11: =IF($L11="","",RANK.EQ($L11,$L$6:$L$15,1)) | S11: =IF($L11="","제5호 - 미실시",IF($R11=$H11,"보존","★불일치")) | T11: =$E11&"|"&$C11 | U11: =IF($G11<6,"",80+7*$K11/$I11) | V11: =IF($N11="",$M11,$M11+$N11)
A12: 평가군 1 | B12: 평가자 1 | C12: 1차 | D12: 5급 | E12: 직원07 | F12: 76 | G12: =COUNTIF($A$6:$A$79,$A12) | H12: =RANK.EQ($F12,$F$6:$F$15,1) | I12: =INDEX('s(n) 표'!$AQ$5:$AQ$43,MATCH($G12,'s(n) 표'!$A$5:$A$43,0)) | J12: =($H12-0.375)/($G12+0.25) | K12: =NORM.S.INV($J12) | L12: =IF($G12<6,"",ROUND(MEDIAN(60,80+7*$K12/$I12,100),3)) | M12: =IF($G12>=6,$L12,IFERROR(IF(INDEX($L$6:$L$79,MATCH($E12&"|2차",$T$6:$T$79,0))="",80,INDEX($L$6:$L$79,MATCH($E12&"|2차",$T$6:$T$79,0))),80)) | N12: -1 | O12: =IF($N12="",$M12,ROUND(MEDIAN(60,$M12+$N12,100),3)) | P12: 조정 사유 기재 | Q12: =IF(COUNTIFS($A$6:$A$79,$A12,$F$6:$F$79,$F12)>1,"★동점","") | R12: =IF($L12="","",RANK.EQ($L12,$L$6:$L$15,1)) | S12: =IF($L12="","제5호 - 미실시",IF($R12=$H12,"보존","★불일치")) | T12: =$E12&"|"&$C12 | U12: =IF($G12<6,"",80+7*$K12/$I12) | V12: =IF($N12="",$M12,$M12+$N12)
A13: 평가군 1 | B13: 평가자 1 | C13: 1차 | D13: 5급 | E13: 직원08 | F13: 72 | G13: =COUNTIF($A$6:$A$79,$A13) | H13: =RANK.EQ($F13,$F$6:$F$15,1) | I13: =INDEX('s(n) 표'!$AQ$5:$AQ$43,MATCH($G13,'s(n) 표'!$A$5:$A$43,0)) | J13: =($H13-0.375)/($G13+0.25) | K13: =NORM.S.INV($J13) | L13: =IF($G13<6,"",ROUND(MEDIAN(60,80+7*$K13/$I13,100),3)) | M13: =IF($G13>=6,$L13,IFERROR(IF(INDEX($L$6:$L$79,MATCH($E13&"|2차",$T$6:$T$79,0))="",80,INDEX($L$6:$L$79,MATCH($E13&"|2차",$T$6:$T$79,0))),80)) | N13: -2 | O13: =IF($N13="",$M13,ROUND(MEDIAN(60,$M13+$N13,100),3)) | P13: 조정 사유 기재 | Q13: =IF(COUNTIFS($A$6:$A$79,$A13,$F$6:$F$79,$F13)>1,"★동점","") | R13: =IF($L13="","",RANK.EQ($L13,$L$6:$L$15,1)) | S13: =IF($L13="","제5호 - 미실시",IF($R13=$H13,"보존","★불일치")) | T13: =$E13&"|"&$C13 | U13: =IF($G13<6,"",80+7*$K13/$I13) | V13: =IF($N13="",$M13,$M13+$N13)
A14: 평가군 1 | B14: 평가자 1 | C14: 1차 | D14: 5급 | E14: 직원09 | F14: 66 | G14: =COUNTIF($A$6:$A$79,$A14) | H14: =RANK.EQ($F14,$F$6:$F$15,1) | I14: =INDEX('s(n) 표'!$AQ$5:$AQ$43,MATCH($G14,'s(n) 표'!$A$5:$A$43,0)) | J14: =($H14-0.375)/($G14+0.25) | K14: =NORM.S.INV($J14) | L14: =IF($G14<6,"",ROUND(MEDIAN(60,80+7*$K14/$I14,100),3)) | M14: =IF($G14>=6,$L14,IFERROR(IF(INDEX($L$6:$L$79,MATCH($E14&"|2차",$T$6:$T$79,0))="",80,INDEX($L$6:$L$79,MATCH($E14&"|2차",$T$6:$T$79,0))),80)) | N14: -3 | O14: =IF($N14="",$M14,ROUND(MEDIAN(60,$M14+$N14,100),3)) | P14: 조정 사유 기재 | Q14: =IF(COUNTIFS($A$6:$A$79,$A14,$F$6:$F$79,$F14)>1,"★동점","") | R14: =IF($L14="","",RANK.EQ($L14,$L$6:$L$15,1)) | S14: =IF($L14="","제5호 - 미실시",IF($R14=$H14,"보존","★불일치")) | T14: =$E14&"|"&$C14 | U14: =IF($G14<6,"",80+7*$K14/$I14) | V14: =IF($N14="",$M14,$M14+$N14)
A15: 평가군 1 | B15: 평가자 1 | C15: 1차 | D15: 5급 | E15: 직원10 | F15: 60 | G15: =COUNTIF($A$6:$A$79,$A15) | H15: =RANK.EQ($F15,$F$6:$F$15,1) | I15: =INDEX('s(n) 표'!$AQ$5:$AQ$43,MATCH($G15,'s(n) 표'!$A$5:$A$43,0)) | J15: =($H15-0.375)/($G15+0.25) | K15: =NORM.S.INV($J15) | L15: =IF($G15<6,"",ROUND(MEDIAN(60,80+7*$K15/$I15,100),3)) | M15: =IF($G15>=6,$L15,IFERROR(IF(INDEX($L$6:$L$79,MATCH($E15&"|2차",$T$6:$T$79,0))="",80,INDEX($L$6:$L$79,MATCH($E15&"|2차",$T$6:$T$79,0))),80)) | N15: -5 | O15: =IF($N15="",$M15,ROUND(MEDIAN(60,$M15+$N15,100),3)) | P15: ±5점 조정 — 사유 기재 필수 | Q15: =IF(COUNTIFS($A$6:$A$79,$A15,$F$6:$F$79,$F15)>1,"★동점","") | R15: =IF($L15="","",RANK.EQ($L15,$L$6:$L$15,1)) | S15: =IF($L15="","제5호 - 미실시",IF($R15=$H15,"보존","★불일치")) | T15: =$E15&"|"&$C15 | U15: =IF($G15<6,"",80+7*$K15/$I15) | V15: =IF($N15="",$M15,$M15+$N15)
A16: 평가군 2 | B16: 평가자 2 | C16: 1차 | D16: 5급 | E16: 직원11 | F16: 92 | G16: =COUNTIF($A$6:$A$79,$A16) | H16: =RANK.EQ($F16,$F$16:$F$19,1) | I16: =INDEX('s(n) 표'!$AQ$5:$AQ$43,MATCH($G16,'s(n) 표'!$A$5:$A$43,0)) | J16: =($H16-0.375)/($G16+0.25) | K16: =NORM.S.INV($J16) | L16: =IF($G16<6,"",ROUND(MEDIAN(60,80+7*$K16/$I16,100),3)) | M16: =IF($G16>=6,$L16,IFERROR(IF(INDEX($L$6:$L$79,MATCH($E16&"|2차",$T$6:$T$79,0))="",80,INDEX($L$6:$L$79,MATCH($E16&"|2차",$T$6:$T$79,0))),80)) | N16: 4 | O16: =IF($N16="",$M16,ROUND(MEDIAN(60,$M16+$N16,100),3)) | P16: 조정 사유 기재 | Q16: =IF(COUNTIFS($A$6:$A$79,$A16,$F$6:$F$79,$F16)>1,"★동점","") | R16: =IF($L16="","",RANK.EQ($L16,$L$16:$L$19,1)) | S16: =IF($L16="","제5호 - 미실시",IF($R16=$H16,"보존","★불일치")) | T16: =$E16&"|"&$C16 | U16: =IF($G16<6,"",80+7*$K16/$I16) | V16: =IF($N16="",$M16,$M16+$N16)
A17: 평가군 2 | B17: 평가자 2 | C17: 1차 | D17: 5급 | E17: 직원12 | F17: 86 | G17: =COUNTIF($A$6:$A$79,$A17) | H17: =RANK.EQ($F17,$F$16:$F$19,1) | I17: =INDEX('s(n) 표'!$AQ$5:$AQ$43,MATCH($G17,'s(n) 표'!$A$5:$A$43,0)) | J17: =($H17-0.375)/($G17+0.25) | K17: =NORM.S.INV($J17) | L17: =IF($G17<6,"",ROUND(MEDIAN(60,80+7*$K17/$I17,100),3)) | M17: =IF($G17>=6,$L17,IFERROR(IF(INDEX($L$6:$L$79,MATCH($E17&"|2차",$T$6:$T$79,0))="",80,INDEX($L$6:$L$79,MATCH($E17&"|2차",$T$6:$T$79,0))),80)) | N17: 1 | O17: =IF($N17="",$M17,ROUND(MEDIAN(60,$M17+$N17,100),3)) | P17: 조정 사유 기재 | Q17: =IF(COUNTIFS($A$6:$A$79,$A17,$F$6:$F$79,$F17)>1,"★동점","") | R17: =IF($L17="","",RANK.EQ($L17,$L$16:$L$19,1)) | S17: =IF($L17="","제5호 - 미실시",IF($R17=$H17,"보존","★불일치")) | T17: =$E17&"|"&$C17 | U17: =IF($G17<6,"",80+7*$K17/$I17) | V17: =IF($N17="",$M17,$M17+$N17)
A18: 평가군 2 | B18: 평가자 2 | C18: 1차 | D18: 5급 | E18: 직원13 | F18: 78 | G18: =COUNTIF($A$6:$A$79,$A18) | H18: =RANK.EQ($F18,$F$16:$F$19,1) | I18: =INDEX('s(n) 표'!$AQ$5:$AQ$43,MATCH($G18,'s(n) 표'!$A$5:$A$43,0)) | J18: =($H18-0.375)/($G18+0.25) | K18: =NORM.S.INV($J18) | L18: =IF($G18<6,"",ROUND(MEDIAN(60,80+7*$K18/$I18,100),3)) | M18: =IF($G18>=6,$L18,IFERROR(IF(INDEX($L$6:$L$79,MATCH($E18&"|2차",$T$6:$T$79,0))="",80,INDEX($L$6:$L$79,MATCH($E18&"|2차",$T$6:$T$79,0))),80)) | N18: -1 | O18: =IF($N18="",$M18,ROUND(MEDIAN(60,$M18+$N18,100),3)) | P18: 조정 사유 기재 | Q18: =IF(COUNTIFS($A$6:$A$79,$A18,$F$6:$F$79,$F18)>1,"★동점","") | R18: =IF($L18="","",RANK.EQ($L18,$L$16:$L$19,1)) | S18: =IF($L18="","제5호 - 미실시",IF($R18=$H18,"보존","★불일치")) | T18: =$E18&"|"&$C18 | U18: =IF($G18<6,"",80+7*$K18/$I18) | V18: =IF($N18="",$M18,$M18+$N18)
A19: 평가군 2 | B19: 평가자 2 | C19: 1차 | D19: 5급 | E19: 직원14 | F19: 70 | G19: =COUNTIF($A$6:$A$79,$A19) | H19: =RANK.EQ($F19,$F$16:$F$19,1) | I19: =INDEX('s(n) 표'!$AQ$5:$AQ$43,MATCH($G19,'s(n) 표'!$A$5:$A$43,0)) | J19: =($H19-0.375)/($G19+0.25) | K19: =NORM.S.INV($J19) | L19: =IF($G19<6,"",ROUND(MEDIAN(60,80+7*$K19/$I19,100),3)) | M19: =IF($G19>=6,$L19,IFERROR(IF(INDEX($L$6:$L$79,MATCH($E19&"|2차",$T$6:$T$79,0))="",80,INDEX($L$6:$L$79,MATCH($E19&"|2차",$T$6:$T$79,0))),80)) | N19: -4 | O19: =IF($N19="",$M19,ROUND(MEDIAN(60,$M19+$N19,100),3)) | P19: 조정 사유 기재 | Q19: =IF(COUNTIFS($A$6:$A$79,$A19,$F$6:$F$79,$F19)>1,"★동점","") | R19: =IF($L19="","",RANK.EQ($L19,$L$16:$L$19,1)) | S19: =IF($L19="","제5호 - 미실시",IF($R19=$H19,"보존","★불일치")) | T19: =$E19&"|"&$C19 | U19: =IF($G19<6,"",80+7*$K19/$I19) | V19: =IF($N19="",$M19,$M19+$N19)
A20: 평가군 3 | B20: 평가자 3 | C20: 1차 | D20: 5급 | E20: 직원15 | F20: 78 | G20: =COUNTIF($A$6:$A$79,$A20) | H20: =RANK.EQ($F20,$F$20:$F$35,1) | I20: =INDEX('s(n) 표'!$AQ$5:$AQ$43,MATCH($G20,'s(n) 표'!$A$5:$A$43,0)) | J20: =($H20-0.375)/($G20+0.25) | K20: =NORM.S.INV($J20) | L20: =IF($G20<6,"",ROUND(MEDIAN(60,80+7*$K20/$I20,100),3)) | M20: =IF($G20>=6,$L20,IFERROR(IF(INDEX($L$6:$L$79,MATCH($E20&"|2차",$T$6:$T$79,0))="",80,INDEX($L$6:$L$79,MATCH($E20&"|2차",$T$6:$T$79,0))),80)) | N20: 0 | O20: =IF($N20="",$M20,ROUND(MEDIAN(60,$M20+$N20,100),3)) | Q20: =IF(COUNTIFS($A$6:$A$79,$A20,$F$6:$F$79,$F20)>1,"★동점","") | R20: =IF($L20="","",RANK.EQ($L20,$L$20:$L$35,1)) | S20: =IF($L20="","제5호 - 미실시",IF($R20=$H20,"보존","★불일치")) | T20: =$E20&"|"&$C20 | U20: =IF($G20<6,"",80+7*$K20/$I20) | V20: =IF($N20="",$M20,$M20+$N20)
A21: 평가군 3 | B21: 평가자 3 | C21: 1차 | D21: 5급 | E21: 직원16 | F21: 78.1 | G21: =COUNTIF($A$6:$A$79,$A21) | H21: =RANK.EQ($F21,$F$20:$F$35,1) | I21: =INDEX('s(n) 표'!$AQ$5:$AQ$43,MATCH($G21,'s(n) 표'!$A$5:$A$43,0)) | J21: =($H21-0.375)/($G21+0.25) | K21: =NORM.S.INV($J21) | L21: =IF($G21<6,"",ROUND(MEDIAN(60,80+7*$K21/$I21,100),3)) | M21: =IF($G21>=6,$L21,IFERROR(IF(INDEX($L$6:$L$79,MATCH($E21&"|2차",$T$6:$T$79,0))="",80,INDEX($L$6:$L$79,MATCH($E21&"|2차",$T$6:$T$79,0))),80)) | N21: 0 | O21: =IF($N21="",$M21,ROUND(MEDIAN(60,$M21+$N21,100),3)) | Q21: =IF(COUNTIFS($A$6:$A$79,$A21,$F$6:$F$79,$F21)>1,"★동점","") | R21: =IF($L21="","",RANK.EQ($L21,$L$20:$L$35,1)) | S21: =IF($L21="","제5호 - 미실시",IF($R21=$H21,"보존","★불일치")) | T21: =$E21&"|"&$C21 | U21: =IF($G21<6,"",80+7*$K21/$I21) | V21: =IF($N21="",$M21,$M21+$N21)
A22: 평가군 3 | B22: 평가자 3 | C22: 1차 | D22: 5급 | E22: 직원17 | F22: 78.2 | G22: =COUNTIF($A$6:$A$79,$A22) | H22: =RANK.EQ($F22,$F$20:$F$35,1) | I22: =INDEX('s(n) 표'!$AQ$5:$AQ$43,MATCH($G22,'s(n) 표'!$A$5:$A$43,0)) | J22: =($H22-0.375)/($G22+0.25) | K22: =NORM.S.INV($J22) | L22: =IF($G22<6,"",ROUND(MEDIAN(60,80+7*$K22/$I22,100),3)) | M22: =IF($G22>=6,$L22,IFERROR(IF(INDEX($L$6:$L$79,MATCH($E22&"|2차",$T$6:$T$79,0))="",80,INDEX($L$6:$L$79,MATCH($E22&"|2차",$T$6:$T$79,0))),80)) | N22: 0 | O22: =IF($N22="",$M22,ROUND(MEDIAN(60,$M22+$N22,100),3)) | Q22: =IF(COUNTIFS($A$6:$A$79,$A22,$F$6:$F$79,$F22)>1,"★동점","") | R22: =IF($L22="","",RANK.EQ($L22,$L$20:$L$35,1)) | S22: =IF($L22="","제5호 - 미실시",IF($R22=$H22,"보존","★불일치")) | T22: =$E22&"|"&$C22 | U22: =IF($G22<6,"",80+7*$K22/$I22) | V22: =IF($N22="",$M22,$M22+$N22)
A23: 평가군 3 | B23: 평가자 3 | C23: 1차 | D23: 5급 | E23: 직원18 | F23: 78.3 | G23: =COUNTIF($A$6:$A$79,$A23) | H23: =RANK.EQ($F23,$F$20:$F$35,1) | I23: =INDEX('s(n) 표'!$AQ$5:$AQ$43,MATCH($G23,'s(n) 표'!$A$5:$A$43,0)) | J23: =($H23-0.375)/($G23+0.25) | K23: =NORM.S.INV($J23) | L23: =IF($G23<6,"",ROUND(MEDIAN(60,80+7*$K23/$I23,100),3)) | M23: =IF($G23>=6,$L23,IFERROR(IF(INDEX($L$6:$L$79,MATCH($E23&"|2차",$T$6:$T$79,0))="",80,INDEX($L$6:$L$79,MATCH($E23&"|2차",$T$6:$T$79,0))),80)) | N23: 0 | O23: =IF($N23="",$M23,ROUND(MEDIAN(60,$M23+$N23,100),3)) | Q23: =IF(COUNTIFS($A$6:$A$79,$A23,$F$6:$F$79,$F23)>1,"★동점","") | R23: =IF($L23="","",RANK.EQ($L23,$L$20:$L$35,1)) | S23: =IF($L23="","제5호 - 미실시",IF($R23=$H23,"보존","★불일치")) | T23: =$E23&"|"&$C23 | U23: =IF($G23<6,"",80+7*$K23/$I23) | V23: =IF($N23="",$M23,$M23+$N23)
A24: 평가군 3 | B24: 평가자 3 | C24: 1차 | D24: 5급 | E24: 직원19 | F24: 78.4 | G24: =COUNTIF($A$6:$A$79,$A24) | H24: =RANK.EQ($F24,$F$20:$F$35,1) | I24: =INDEX('s(n) 표'!$AQ$5:$AQ$43,MATCH($G24,'s(n) 표'!$A$5:$A$43,0)) | J24: =($H24-0.375)/($G24+0.25) | K24: =NORM.S.INV($J24) | L24: =IF($G24<6,"",ROUND(MEDIAN(60,80+7*$K24/$I24,100),3)) | M24: =IF($G24>=6,$L24,IFERROR(IF(INDEX($L$6:$L$79,MATCH($E24&"|2차",$T$6:$T$79,0))="",80,INDEX($L$6:$L$79,MATCH($E24&"|2차",$T$6:$T$79,0))),80)) | N24: 0 | O24: =IF($N24="",$M24,ROUND(MEDIAN(60,$M24+$N24,100),3)) | Q24: =IF(COUNTIFS($A$6:$A$79,$A24,$F$6:$F$79,$F24)>1,"★동점","") | R24: =IF($L24="","",RANK.EQ($L24,$L$20:$L$35,1)) | S24: =IF($L24="","제5호 - 미실시",IF($R24=$H24,"보존","★불일치")) | T24: =$E24&"|"&$C24 | U24: =IF($G24<6,"",80+7*$K24/$I24) | V24: =IF($N24="",$M24,$M24+$N24)
A25: 평가군 3 | B25: 평가자 3 | C25: 1차 | D25: 5급 | E25: 직원20 | F25: 78.5 | G25: =COUNTIF($A$6:$A$79,$A25) | H25: =RANK.EQ($F25,$F$20:$F$35,1) | I25: =INDEX('s(n) 표'!$AQ$5:$AQ$43,MATCH($G25,'s(n) 표'!$A$5:$A$43,0)) | J25: =($H25-0.375)/($G25+0.25) | K25: =NORM.S.INV($J25) | L25: =IF($G25<6,"",ROUND(MEDIAN(60,80+7*$K25/$I25,100),3)) | M25: =IF($G25>=6,$L25,IFERROR(IF(INDEX($L$6:$L$79,MATCH($E25&"|2차",$T$6:$T$79,0))="",80,INDEX($L$6:$L$79,MATCH($E25&"|2차",$T$6:$T$79,0))),80)) | N25: 0 | O25: =IF($N25="",$M25,ROUND(MEDIAN(60,$M25+$N25,100),3)) | Q25: =IF(COUNTIFS($A$6:$A$79,$A25,$F$6:$F$79,$F25)>1,"★동점","") | R25: =IF($L25="","",RANK.EQ($L25,$L$20:$L$35,1)) | S25: =IF($L25="","제5호 - 미실시",IF($R25=$H25,"보존","★불일치")) | T25: =$E25&"|"&$C25 | U25: =IF($G25<6,"",80+7*$K25/$I25) | V25: =IF($N25="",$M25,$M25+$N25)
A26: 평가군 3 | B26: 평가자 3 | C26: 1차 | D26: 5급 | E26: 직원21 | F26: 78.6 | G26: =COUNTIF($A$6:$A$79,$A26) | H26: =RANK.EQ($F26,$F$20:$F$35,1) | I26: =INDEX('s(n) 표'!$AQ$5:$AQ$43,MATCH($G26,'s(n) 표'!$A$5:$A$43,0)) | J26: =($H26-0.375)/($G26+0.25) | K26: =NORM.S.INV($J26) | L26: =IF($G26<6,"",ROUND(MEDIAN(60,80+7*$K26/$I26,100),3)) | M26: =IF($G26>=6,$L26,IFERROR(IF(INDEX($L$6:$L$79,MATCH($E26&"|2차",$T$6:$T$79,0))="",80,INDEX($L$6:$L$79,MATCH($E26&"|2차",$T$6:$T$79,0))),80)) | N26: 0 | O26: =IF($N26="",$M26,ROUND(MEDIAN(60,$M26+$N26,100),3)) | Q26: =IF(COUNTIFS($A$6:$A$79,$A26,$F$6:$F$79,$F26)>1,"★동점","") | R26: =IF($L26="","",RANK.EQ($L26,$L$20:$L$35,1)) | S26: =IF($L26="","제5호 - 미실시",IF($R26=$H26,"보존","★불일치")) | T26: =$E26&"|"&$C26 | U26: =IF($G26<6,"",80+7*$K26/$I26) | V26: =IF($N26="",$M26,$M26+$N26)
A27: 평가군 3 | B27: 평가자 3 | C27: 1차 | D27: 5급 | E27: 직원22 | F27: 78.7 | G27: =COUNTIF($A$6:$A$79,$A27) | H27: =RANK.EQ($F27,$F$20:$F$35,1) | I27: =INDEX('s(n) 표'!$AQ$5:$AQ$43,MATCH($G27,'s(n) 표'!$A$5:$A$43,0)) | J27: =($H27-0.375)/($G27+0.25) | K27: =NORM.S.INV($J27) | L27: =IF($G27<6,"",ROUND(MEDIAN(60,80+7*$K27/$I27,100),3)) | M27: =IF($G27>=6,$L27,IFERROR(IF(INDEX($L$6:$L$79,MATCH($E27&"|2차",$T$6:$T$79,0))="",80,INDEX($L$6:$L$79,MATCH($E27&"|2차",$T$6:$T$79,0))),80)) | N27: 0 | O27: =IF($N27="",$M27,ROUND(MEDIAN(60,$M27+$N27,100),3)) | Q27: =IF(COUNTIFS($A$6:$A$79,$A27,$F$6:$F$79,$F27)>1,"★동점","") | R27: =IF($L27="","",RANK.EQ($L27,$L$20:$L$35,1)) | S27: =IF($L27="","제5호 - 미실시",IF($R27=$H27,"보존","★불일치")) | T27: =$E27&"|"&$C27 | U27: =IF($G27<6,"",80+7*$K27/$I27) | V27: =IF($N27="",$M27,$M27+$N27)
A28: 평가군 3 | B28: 평가자 3 | C28: 1차 | D28: 5급 | E28: 직원23 | F28: 78.8 | G28: =COUNTIF($A$6:$A$79,$A28) | H28: =RANK.EQ($F28,$F$20:$F$35,1) | I28: =INDEX('s(n) 표'!$AQ$5:$AQ$43,MATCH($G28,'s(n) 표'!$A$5:$A$43,0)) | J28: =($H28-0.375)/($G28+0.25) | K28: =NORM.S.INV($J28) | L28: =IF($G28<6,"",ROUND(MEDIAN(60,80+7*$K28/$I28,100),3)) | M28: =IF($G28>=6,$L28,IFERROR(IF(INDEX($L$6:$L$79,MATCH($E28&"|2차",$T$6:$T$79,0))="",80,INDEX($L$6:$L$79,MATCH($E28&"|2차",$T$6:$T$79,0))),80)) | N28: 0 | O28: =IF($N28="",$M28,ROUND(MEDIAN(60,$M28+$N28,100),3)) | Q28: =IF(COUNTIFS($A$6:$A$79,$A28,$F$6:$F$79,$F28)>1,"★동점","") | R28: =IF($L28="","",RANK.EQ($L28,$L$20:$L$35,1)) | S28: =IF($L28="","제5호 - 미실시",IF($R28=$H28,"보존","★불일치")) | T28: =$E28&"|"&$C28 | U28: =IF($G28<6,"",80+7*$K28/$I28) | V28: =IF($N28="",$M28,$M28+$N28)
A29: 평가군 3 | B29: 평가자 3 | C29: 1차 | D29: 5급 | E29: 직원24 | F29: 78.9 | G29: =COUNTIF($A$6:$A$79,$A29) | H29: =RANK.EQ($F29,$F$20:$F$35,1) | I29: =INDEX('s(n) 표'!$AQ$5:$AQ$43,MATCH($G29,'s(n) 표'!$A$5:$A$43,0)) | J29: =($H29-0.375)/($G29+0.25) | K29: =NORM.S.INV($J29) | L29: =IF($G29<6,"",ROUND(MEDIAN(60,80+7*$K29/$I29,100),3)) | M29: =IF($G29>=6,$L29,IFERROR(IF(INDEX($L$6:$L$79,MATCH($E29&"|2차",$T$6:$T$79,0))="",80,INDEX($L$6:$L$79,MATCH($E29&"|2차",$T$6:$T$79,0))),80)) | N29: 0 | O29: =IF($N29="",$M29,ROUND(MEDIAN(60,$M29+$N29,100),3)) | Q29: =IF(COUNTIFS($A$6:$A$79,$A29,$F$6:$F$79,$F29)>1,"★동점","") | R29: =IF($L29="","",RANK.EQ($L29,$L$20:$L$35,1)) | S29: =IF($L29="","제5호 - 미실시",IF($R29=$H29,"보존","★불일치")) | T29: =$E29&"|"&$C29 | U29: =IF($G29<6,"",80+7*$K29/$I29) | V29: =IF($N29="",$M29,$M29+$N29)
A30: 평가군 3 | B30: 평가자 3 | C30: 1차 | D30: 5급 | E30: 직원25 | F30: 79 | G30: =COUNTIF($A$6:$A$79,$A30) | H30: =RANK.EQ($F30,$F$20:$F$35,1) | I30: =INDEX('s(n) 표'!$AQ$5:$AQ$43,MATCH($G30,'s(n) 표'!$A$5:$A$43,0)) | J30: =($H30-0.375)/($G30+0.25) | K30: =NORM.S.INV($J30) | L30: =IF($G30<6,"",ROUND(MEDIAN(60,80+7*$K30/$I30,100),3)) | M30: =IF($G30>=6,$L30,IFERROR(IF(INDEX($L$6:$L$79,MATCH($E30&"|2차",$T$6:$T$79,0))="",80,INDEX($L$6:$L$79,MATCH($E30&"|2차",$T$6:$T$79,0))),80)) | N30: 0 | O30: =IF($N30="",$M30,ROUND(MEDIAN(60,$M30+$N30,100),3)) | Q30: =IF(COUNTIFS($A$6:$A$79,$A30,$F$6:$F$79,$F30)>1,"★동점","") | R30: =IF($L30="","",RANK.EQ($L30,$L$20:$L$35,1)) | S30: =IF($L30="","제5호 - 미실시",IF($R30=$H30,"보존","★불일치")) | T30: =$E30&"|"&$C30 | U30: =IF($G30<6,"",80+7*$K30/$I30) | V30: =IF($N30="",$M30,$M30+$N30)
A31: 평가군 3 | B31: 평가자 3 | C31: 1차 | D31: 5급 | E31: 직원26 | F31: 79.1 | G31: =COUNTIF($A$6:$A$79,$A31) | H31: =RANK.EQ($F31,$F$20:$F$35,1) | I31: =INDEX('s(n) 표'!$AQ$5:$AQ$43,MATCH($G31,'s(n) 표'!$A$5:$A$43,0)) | J31: =($H31-0.375)/($G31+0.25) | K31: =NORM.S.INV($J31) | L31: =IF($G31<6,"",ROUND(MEDIAN(60,80+7*$K31/$I31,100),3)) | M31: =IF($G31>=6,$L31,IFERROR(IF(INDEX($L$6:$L$79,MATCH($E31&"|2차",$T$6:$T$79,0))="",80,INDEX($L$6:$L$79,MATCH($E31&"|2차",$T$6:$T$79,0))),80)) | N31: 0 | O31: =IF($N31="",$M31,ROUND(MEDIAN(60,$M31+$N31,100),3)) | Q31: =IF(COUNTIFS($A$6:$A$79,$A31,$F$6:$F$79,$F31)>1,"★동점","") | R31: =IF($L31="","",RANK.EQ($L31,$L$20:$L$35,1)) | S31: =IF($L31="","제5호 - 미실시",IF($R31=$H31,"보존","★불일치")) | T31: =$E31&"|"&$C31 | U31: =IF($G31<6,"",80+7*$K31/$I31) | V31: =IF($N31="",$M31,$M31+$N31)
... A35: 평가군 3 | B35: 평가자 3 | C35: 1차 | D35: 5급 | E35: 직원30 | F35: 79.5 | G35: =COUNTIF($A$6:$A$79,$A35) | H35: =RANK.EQ($F35,$F$20:$F$35,1) | I35: =INDEX('s(n) 표'!$AQ$5:$AQ$43,MATCH($G35,'s(n) 표'!$A$5:$A$43,0)) | J35: =($H35-0.375)/($G35+0.25) | K35: =NORM.S.INV($J35) | L35: =IF($G35<6,"",ROUND(MEDIAN(60,80+7*$K35/$I35,100),3)) | M35: =IF($G35>=6,$L35,IFERROR(IF(INDEX($L$6:$L$79,MATCH($E35&"|2차",$T$6:$T$79,0))="",80,INDEX($L$6:$L$79,MATCH($E35&"|2차",$T$6:$T$79,0))),80)) | N35: 0 | O35: =IF($N35="",$M35,ROUND(MEDIAN(60,$M35+$N35,100),3)) | Q35: =IF(COUNTIFS($A$6:$A$79,$A35,$F$6:$F$79,$F35)>1,"★동점","") | R35: =IF($L35="","",RANK.EQ($L35,$L$20:$L$35,1)) | S35: =IF($L35="","제5호 - 미실시",IF($R35=$H35,"보존","★불일치")) | T35: =$E35&"|"&$C35 | U35: =IF($G35<6,"",80+7*$K35/$I35) | V35: =IF($N35="",$M35,$M35+$N35)
A36: 평가군 4 | B36: 평가자 4 | C36: 2차 | D36: 5급 | E36: 직원01 | F36: 96 | G36: =COUNTIF($A$6:$A$79,$A36) | H36: =RANK.EQ($F36,$F$36:$F$65,1) | I36: =INDEX('s(n) 표'!$AQ$5:$AQ$43,MATCH($G36,'s(n) 표'!$A$5:$A$43,0)) | J36: =($H36-0.375)/($G36+0.25) | K36: =NORM.S.INV($J36) | L36: =IF($G36<6,"",ROUND(MEDIAN(60,80+7*$K36/$I36,100),3)) | M36: =IF($G36>=6,$L36,IFERROR(IF(INDEX($L$6:$L$79,MATCH($E36&"|2차",$T$6:$T$79,0))="",80,INDEX($L$6:$L$79,MATCH($E36&"|2차",$T$6:$T$79,0))),80)) | N36: 0 | O36: =IF($N36="",$M36,ROUND(MEDIAN(60,$M36+$N36,100),3)) | P36: 해당 없음 (제7호 조정은 1차 평가자만) | Q36: =IF(COUNTIFS($A$6:$A$79,$A36,$F$6:$F$79,$F36)>1,"★동점","") | R36: =IF($L36="","",RANK.EQ($L36,$L$36:$L$65,1)) | S36: =IF($L36="","제5호 - 미실시",IF($R36=$H36,"보존","★불일치")) | T36: =$E36&"|"&$C36 | U36: =IF($G36<6,"",80+7*$K36/$I36) | V36: =IF($N36="",$M36,$M36+$N36)
A37: 평가군 4 | B37: 평가자 4 | C37: 2차 | D37: 5급 | E37: 직원02 | F37: 91 | G37: =COUNTIF($A$6:$A$79,$A37) | H37: =RANK.EQ($F37,$F$36:$F$65,1) | I37: =INDEX('s(n) 표'!$AQ$5:$AQ$43,MATCH($G37,'s(n) 표'!$A$5:$A$43,0)) | J37: =($H37-0.375)/($G37+0.25) | K37: =NORM.S.INV($J37) | L37: =IF($G37<6,"",ROUND(MEDIAN(60,80+7*$K37/$I37,100),3)) | M37: =IF($G37>=6,$L37,IFERROR(IF(INDEX($L$6:$L$79,MATCH($E37&"|2차",$T$6:$T$79,0))="",80,INDEX($L$6:$L$79,MATCH($E37&"|2차",$T$6:$T$79,0))),80)) | N37: 0 | O37: =IF($N37="",$M37,ROUND(MEDIAN(60,$M37+$N37,100),3)) | P37: 해당 없음 (제7호 조정은 1차 평가자만) | Q37: =IF(COUNTIFS($A$6:$A$79,$A37,$F$6:$F$79,$F37)>1,"★동점","") | R37: =IF($L37="","",RANK.EQ($L37,$L$36:$L$65,1)) | S37: =IF($L37="","제5호 - 미실시",IF($R37=$H37,"보존","★불일치")) | T37: =$E37&"|"&$C37 | U37: =IF($G37<6,"",80+7*$K37/$I37) | V37: =IF($N37="",$M37,$M37+$N37)
A38: 평가군 4 | B38: 평가자 4 | C38: 2차 | D38: 5급 | E38: 직원03 | F38: 94 | G38: =COUNTIF($A$6:$A$79,$A38) | H38: =RANK.EQ($F38,$F$36:$F$65,1) | I38: =INDEX('s(n) 표'!$AQ$5:$AQ$43,MATCH($G38,'s(n) 표'!$A$5:$A$43,0)) | J38: =($H38-0.375)/($G38+0.25) | K38: =NORM.S.INV($J38) | L38: =IF($G38<6,"",ROUND(MEDIAN(60,80+7*$K38/$I38,100),3)) | M38: =IF($G38>=6,$L38,IFERROR(IF(INDEX($L$6:$L$79,MATCH($E38&"|2차",$T$6:$T$79,0))="",80,INDEX($L$6:$L$79,MATCH($E38&"|2차",$T$6:$T$79,0))),80)) | N38: 0 | O38: =IF($N38="",$M38,ROUND(MEDIAN(60,$M38+$N38,100),3)) | P38: 해당 없음 (제7호 조정은 1차 평가자만) | Q38: =IF(COUNTIFS($A$6:$A$79,$A38,$F$6:$F$79,$F38)>1,"★동점","") | R38: =IF($L38="","",RANK.EQ($L38,$L$36:$L$65,1)) | S38: =IF($L38="","제5호 - 미실시",IF($R38=$H38,"보존","★불일치")) | T38: =$E38&"|"&$C38 | U38: =IF($G38<6,"",80+7*$K38/$I38) | V38: =IF($N38="",$M38,$M38+$N38)
A39: 평가군 4 | B39: 평가자 4 | C39: 2차 | D39: 5급 | E39: 직원04 | F39: 87 | G39: =COUNTIF($A$6:$A$79,$A39) | H39: =RANK.EQ($F39,$F$36:$F$65,1) | I39: =INDEX('s(n) 표'!$AQ$5:$AQ$43,MATCH($G39,'s(n) 표'!$A$5:$A$43,0)) | J39: =($H39-0.375)/($G39+0.25) | K39: =NORM.S.INV($J39) | L39: =IF($G39<6,"",ROUND(MEDIAN(60,80+7*$K39/$I39,100),3)) | M39: =IF($G39>=6,$L39,IFERROR(IF(INDEX($L$6:$L$79,MATCH($E39&"|2차",$T$6:$T$79,0))="",80,INDEX($L$6:$L$79,MATCH($E39&"|2차",$T$6:$T$79,0))),80)) | N39: 0 | O39: =IF($N39="",$M39,ROUND(MEDIAN(60,$M39+$N39,100),3)) | P39: 해당 없음 (제7호 조정은 1차 평가자만) | Q39: =IF(COUNTIFS($A$6:$A$79,$A39,$F$6:$F$79,$F39)>1,"★동점","") | R39: =IF($L39="","",RANK.EQ($L39,$L$36:$L$65,1)) | S39: =IF($L39="","제5호 - 미실시",IF($R39=$H39,"보존","★불일치")) | T39: =$E39&"|"&$C39 | U39: =IF($G39<6,"",80+7*$K39/$I39) | V39: =IF($N39="",$M39,$M39+$N39)
A40: 평가군 4 | B40: 평가자 4 | C40: 2차 | D40: 5급 | E40: 직원05 | F40: 82 | G40: =COUNTIF($A$6:$A$79,$A40) | H40: =RANK.EQ($F40,$F$36:$F$65,1) | I40: =INDEX('s(n) 표'!$AQ$5:$AQ$43,MATCH($G40,'s(n) 표'!$A$5:$A$43,0)) | J40: =($H40-0.375)/($G40+0.25) | K40: =NORM.S.INV($J40) | L40: =IF($G40<6,"",ROUND(MEDIAN(60,80+7*$K40/$I40,100),3)) | M40: =IF($G40>=6,$L40,IFERROR(IF(INDEX($L$6:$L$79,MATCH($E40&"|2차",$T$6:$T$79,0))="",80,INDEX($L$6:$L$79,MATCH($E40&"|2차",$T$6:$T$79,0))),80)) | N40: 0 | O40: =IF($N40="",$M40,ROUND(MEDIAN(60,$M40+$N40,100),3)) | P40: 해당 없음 (제7호 조정은 1차 평가자만) | Q40: =IF(COUNTIFS($A$6:$A$79,$A40,$F$6:$F$79,$F40)>1,"★동점","") | R40: =IF($L40="","",RANK.EQ($L40,$L$36:$L$65,1)) | S40: =IF($L40="","제5호 - 미실시",IF($R40=$H40,"보존","★불일치")) | T40: =$E40&"|"&$C40 | U40: =IF($G40<6,"",80+7*$K40/$I40) | V40: =IF($N40="",$M40,$M40+$N40)
A41: 평가군 4 | B41: 평가자 4 | C41: 2차 | D41: 5급 | E41: 직원06 | F41: 79 | G41: =COUNTIF($A$6:$A$79,$A41) | H41: =RANK.EQ($F41,$F$36:$F$65,1) | I41: =INDEX('s(n) 표'!$AQ$5:$AQ$43,MATCH($G41,'s(n) 표'!$A$5:$A$43,0)) | J41: =($H41-0.375)/($G41+0.25) | K41: =NORM.S.INV($J41) | L41: =IF($G41<6,"",ROUND(MEDIAN(60,80+7*$K41/$I41,100),3)) | M41: =IF($G41>=6,$L41,IFERROR(IF(INDEX($L$6:$L$79,MATCH($E41&"|2차",$T$6:$T$79,0))="",80,INDEX($L$6:$L$79,MATCH($E41&"|2차",$T$6:$T$79,0))),80)) | N41: 0 | O41: =IF($N41="",$M41,ROUND(MEDIAN(60,$M41+$N41,100),3)) | P41: 해당 없음 (제7호 조정은 1차 평가자만) | Q41: =IF(COUNTIFS($A$6:$A$79,$A41,$F$6:$F$79,$F41)>1,"★동점","") | R41: =IF($L41="","",RANK.EQ($L41,$L$36:$L$65,1)) | S41: =IF($L41="","제5호 - 미실시",IF($R41=$H41,"보존","★불일치")) | T41: =$E41&"|"&$C41 | U41: =IF($G41<6,"",80+7*$K41/$I41) | V41: =IF($N41="",$M41,$M41+$N41)
A42: 평가군 4 | B42: 평가자 4 | C42: 2차 | D42: 5급 | E42: 직원07 | F42: 74 | G42: =COUNTIF($A$6:$A$79,$A42) | H42: =RANK.EQ($F42,$F$36:$F$65,1) | I42: =INDEX('s(n) 표'!$AQ$5:$AQ$43,MATCH($G42,'s(n) 표'!$A$5:$A$43,0)) | J42: =($H42-0.375)/($G42+0.25) | K42: =NORM.S.INV($J42) | L42: =IF($G42<6,"",ROUND(MEDIAN(60,80+7*$K42/$I42,100),3)) | M42: =IF($G42>=6,$L42,IFERROR(IF(INDEX($L$6:$L$79,MATCH($E42&"|2차",$T$6:$T$79,0))="",80,INDEX($L$6:$L$79,MATCH($E42&"|2차",$T$6:$T$79,0))),80)) | N42: 0 | O42: =IF($N42="",$M42,ROUND(MEDIAN(60,$M42+$N42,100),3)) | P42: 해당 없음 (제7호 조정은 1차 평가자만) | Q42: =IF(COUNTIFS($A$6:$A$79,$A42,$F$6:$F$79,$F42)>1,"★동점","") | R42: =IF($L42="","",RANK.EQ($L42,$L$36:$L$65,1)) | S42: =IF($L42="","제5호 - 미실시",IF($R42=$H42,"보존","★불일치")) | T42: =$E42&"|"&$C42 | U42: =IF($G42<6,"",80+7*$K42/$I42) | V42: =IF($N42="",$M42,$M42+$N42)
A43: 평가군 4 | B43: 평가자 4 | C43: 2차 | D43: 5급 | E43: 직원08 | F43: 77 | G43: =COUNTIF($A$6:$A$79,$A43) | H43: =RANK.EQ($F43,$F$36:$F$65,1) | I43: =INDEX('s(n) 표'!$AQ$5:$AQ$43,MATCH($G43,'s(n) 표'!$A$5:$A$43,0)) | J43: =($H43-0.375)/($G43+0.25) | K43: =NORM.S.INV($J43) | L43: =IF($G43<6,"",ROUND(MEDIAN(60,80+7*$K43/$I43,100),3)) | M43: =IF($G43>=6,$L43,IFERROR(IF(INDEX($L$6:$L$79,MATCH($E43&"|2차",$T$6:$T$79,0))="",80,INDEX($L$6:$L$79,MATCH($E43&"|2차",$T$6:$T$79,0))),80)) | N43: 0 | O43: =IF($N43="",$M43,ROUND(MEDIAN(60,$M43+$N43,100),3)) | P43: 해당 없음 (제7호 조정은 1차 평가자만) | Q43: =IF(COUNTIFS($A$6:$A$79,$A43,$F$6:$F$79,$F43)>1,"★동점","") | R43: =IF($L43="","",RANK.EQ($L43,$L$36:$L$65,1)) | S43: =IF($L43="","제5호 - 미실시",IF($R43=$H43,"보존","★불일치")) | T43: =$E43&"|"&$C43 | U43: =IF($G43<6,"",80+7*$K43/$I43) | V43: =IF($N43="",$M43,$M43+$N43)
A44: 평가군 4 | B44: 평가자 4 | C44: 2차 | D44: 5급 | E44: 직원09 | F44: 68 | G44: =COUNTIF($A$6:$A$79,$A44) | H44: =RANK.EQ($F44,$F$36:$F$65,1) | I44: =INDEX('s(n) 표'!$AQ$5:$AQ$43,MATCH($G44,'s(n) 표'!$A$5:$A$43,0)) | J44: =($H44-0.375)/($G44+0.25) | K44: =NORM.S.INV($J44) | L44: =IF($G44<6,"",ROUND(MEDIAN(60,80+7*$K44/$I44,100),3)) | M44: =IF($G44>=6,$L44,IFERROR(IF(INDEX($L$6:$L$79,MATCH($E44&"|2차",$T$6:$T$79,0))="",80,INDEX($L$6:$L$79,MATCH($E44&"|2차",$T$6:$T$79,0))),80)) | N44: 0 | O44: =IF($N44="",$M44,ROUND(MEDIAN(60,$M44+$N44,100),3)) | P44: 해당 없음 (제7호 조정은 1차 평가자만) | Q44: =IF(COUNTIFS($A$6:$A$79,$A44,$F$6:$F$79,$F44)>1,"★동점","") | R44: =IF($L44="","",RANK.EQ($L44,$L$36:$L$65,1)) | S44: =IF($L44="","제5호 - 미실시",IF($R44=$H44,"보존","★불일치")) | T44: =$E44&"|"&$C44 | U44: =IF($G44<6,"",80+7*$K44/$I44) | V44: =IF($N44="",$M44,$M44+$N44)
A45: 평가군 4 | B45: 평가자 4 | C45: 2차 | D45: 5급 | E45: 직원10 | F45: 63 | G45: =COUNTIF($A$6:$A$79,$A45) | H45: =RANK.EQ($F45,$F$36:$F$65,1) | I45: =INDEX('s(n) 표'!$AQ$5:$AQ$43,MATCH($G45,'s(n) 표'!$A$5:$A$43,0)) | J45: =($H45-0.375)/($G45+0.25) | K45: =NORM.S.INV($J45) | L45: =IF($G45<6,"",ROUND(MEDIAN(60,80+7*$K45/$I45,100),3)) | M45: =IF($G45>=6,$L45,IFERROR(IF(INDEX($L$6:$L$79,MATCH($E45&"|2차",$T$6:$T$79,0))="",80,INDEX($L$6:$L$79,MATCH($E45&"|2차",$T$6:$T$79,0))),80)) | N45: 0 | O45: =IF($N45="",$M45,ROUND(MEDIAN(60,$M45+$N45,100),3)) | P45: 해당 없음 (제7호 조정은 1차 평가자만) | Q45: =IF(COUNTIFS($A$6:$A$79,$A45,$F$6:$F$79,$F45)>1,"★동점","") | R45: =IF($L45="","",RANK.EQ($L45,$L$36:$L$65,1)) | S45: =IF($L45="","제5호 - 미실시",IF($R45=$H45,"보존","★불일치")) | T45: =$E45&"|"&$C45 | U45: =IF($G45<6,"",80+7*$K45/$I45) | V45: =IF($N45="",$M45,$M45+$N45)
A46: 평가군 4 | B46: 평가자 4 | C46: 2차 | D46: 5급 | E46: 직원11 | F46: 93 | G46: =COUNTIF($A$6:$A$79,$A46) | H46: =RANK.EQ($F46,$F$36:$F$65,1) | I46: =INDEX('s(n) 표'!$AQ$5:$AQ$43,MATCH($G46,'s(n) 표'!$A$5:$A$43,0)) | J46: =($H46-0.375)/($G46+0.25) | K46: =NORM.S.INV($J46) | L46: =IF($G46<6,"",ROUND(MEDIAN(60,80+7*$K46/$I46,100),3)) | M46: =IF($G46>=6,$L46,IFERROR(IF(INDEX($L$6:$L$79,MATCH($E46&"|2차",$T$6:$T$79,0))="",80,INDEX($L$6:$L$79,MATCH($E46&"|2차",$T$6:$T$79,0))),80)) | N46: 0 | O46: =IF($N46="",$M46,ROUND(MEDIAN(60,$M46+$N46,100),3)) | P46: 해당 없음 (제7호 조정은 1차 평가자만) | Q46: =IF(COUNTIFS($A$6:$A$79,$A46,$F$6:$F$79,$F46)>1,"★동점","") | R46: =IF($L46="","",RANK.EQ($L46,$L$36:$L$65,1)) | S46: =IF($L46="","제5호 - 미실시",IF($R46=$H46,"보존","★불일치")) | T46: =$E46&"|"&$C46 | U46: =IF($G46<6,"",80+7*$K46/$I46) | V46: =IF($N46="",$M46,$M46+$N46)
A47: 평가군 4 | B47: 평가자 4 | C47: 2차 | D47: 5급 | E47: 직원12 | F47: 85 | G47: =COUNTIF($A$6:$A$79,$A47) | H47: =RANK.EQ($F47,$F$36:$F$65,1) | I47: =INDEX('s(n) 표'!$AQ$5:$AQ$43,MATCH($G47,'s(n) 표'!$A$5:$A$43,0)) | J47: =($H47-0.375)/($G47+0.25) | K47: =NORM.S.INV($J47) | L47: =IF($G47<6,"",ROUND(MEDIAN(60,80+7*$K47/$I47,100),3)) | M47: =IF($G47>=6,$L47,IFERROR(IF(INDEX($L$6:$L$79,MATCH($E47&"|2차",$T$6:$T$79,0))="",80,INDEX($L$6:$L$79,MATCH($E47&"|2차",$T$6:$T$79,0))),80)) | N47: 0 | O47: =IF($N47="",$M47,ROUND(MEDIAN(60,$M47+$N47,100),3)) | P47: 해당 없음 (제7호 조정은 1차 평가자만) | Q47: =IF(COUNTIFS($A$6:$A$79,$A47,$F$6:$F$79,$F47)>1,"★동점","") | R47: =IF($L47="","",RANK.EQ($L47,$L$36:$L$65,1)) | S47: =IF($L47="","제5호 - 미실시",IF($R47=$H47,"보존","★불일치")) | T47: =$E47&"|"&$C47 | U47: =IF($G47<6,"",80+7*$K47/$I47) | V47: =IF($N47="",$M47,$M47+$N47)
... A65: 평가군 4 | B65: 평가자 4 | C65: 2차 | D65: 5급 | E65: 직원30 | F65: 61 | G65: =COUNTIF($A$6:$A$79,$A65) | H65: =RANK.EQ($F65,$F$36:$F$65,1) | I65: =INDEX('s(n) 표'!$AQ$5:$AQ$43,MATCH($G65,'s(n) 표'!$A$5:$A$43,0)) | J65: =($H65-0.375)/($G65+0.25) | K65: =NORM.S.INV($J65) | L65: =IF($G65<6,"",ROUND(MEDIAN(60,80+7*$K65/$I65,100),3)) | M65: =IF($G65>=6,$L65,IFERROR(IF(INDEX($L$6:$L$79,MATCH($E65&"|2차",$T$6:$T$79,0))="",80,INDEX($L$6:$L$79,MATCH($E65&"|2차",$T$6:$T$79,0))),80)) | N65: 0 | O65: =IF($N65="",$M65,ROUND(MEDIAN(60,$M65+$N65,100),3)) | P65: 해당 없음 (제7호 조정은 1차 평가자만) | Q65: =IF(COUNTIFS($A$6:$A$79,$A65,$F$6:$F$79,$F65)>1,"★동점","") | R65: =IF($L65="","",RANK.EQ($L65,$L$36:$L$65,1)) | S65: =IF($L65="","제5호 - 미실시",IF($R65=$H65,"보존","★불일치")) | T65: =$E65&"|"&$C65 | U65: =IF($G65<6,"",80+7*$K65/$I65) | V65: =IF($N65="",$M65,$M65+$N65)
A66: 평가군 5 | B66: 평가자 5 | C66: 1차 | D66: 4급 | E66: 직원31 | F66: 95 | G66: =COUNTIF($A$6:$A$79,$A66) | H66: =RANK.EQ($F66,$F$66:$F$72,1) | I66: =INDEX('s(n) 표'!$AQ$5:$AQ$43,MATCH($G66,'s(n) 표'!$A$5:$A$43,0)) | J66: =($H66-0.375)/($G66+0.25) | K66: =NORM.S.INV($J66) | L66: =IF($G66<6,"",ROUND(MEDIAN(60,80+7*$K66/$I66,100),3)) | M66: =IF($G66>=6,$L66,IFERROR(IF(INDEX($L$6:$L$79,MATCH($E66&"|2차",$T$6:$T$79,0))="",80,INDEX($L$6:$L$79,MATCH($E66&"|2차",$T$6:$T$79,0))),80)) | N66: 3 | O66: =IF($N66="",$M66,ROUND(MEDIAN(60,$M66+$N66,100),3)) | P66: 조정 사유 기재 | Q66: =IF(COUNTIFS($A$6:$A$79,$A66,$F$6:$F$79,$F66)>1,"★동점","") | R66: =IF($L66="","",RANK.EQ($L66,$L$66:$L$72,1)) | S66: =IF($L66="","제5호 - 미실시",IF($R66=$H66,"보존","★불일치")) | T66: =$E66&"|"&$C66 | U66: =IF($G66<6,"",80+7*$K66/$I66) | V66: =IF($N66="",$M66,$M66+$N66)
A67: 평가군 5 | B67: 평가자 5 | C67: 1차 | D67: 4급 | E67: 직원32 | F67: 91 | G67: =COUNTIF($A$6:$A$79,$A67) | H67: =RANK.EQ($F67,$F$66:$F$72,1) | I67: =INDEX('s(n) 표'!$AQ$5:$AQ$43,MATCH($G67,'s(n) 표'!$A$5:$A$43,0)) | J67: =($H67-0.375)/($G67+0.25) | K67: =NORM.S.INV($J67) | L67: =IF($G67<6,"",ROUND(MEDIAN(60,80+7*$K67/$I67,100),3)) | M67: =IF($G67>=6,$L67,IFERROR(IF(INDEX($L$6:$L$79,MATCH($E67&"|2차",$T$6:$T$79,0))="",80,INDEX($L$6:$L$79,MATCH($E67&"|2차",$T$6:$T$79,0))),80)) | N67: 2 | O67: =IF($N67="",$M67,ROUND(MEDIAN(60,$M67+$N67,100),3)) | P67: 조정 사유 기재 | Q67: =IF(COUNTIFS($A$6:$A$79,$A67,$F$6:$F$79,$F67)>1,"★동점","") | R67: =IF($L67="","",RANK.EQ($L67,$L$66:$L$72,1)) | S67: =IF($L67="","제5호 - 미실시",IF($R67=$H67,"보존","★불일치")) | T67: =$E67&"|"&$C67 | U67: =IF($G67<6,"",80+7*$K67/$I67) | V67: =IF($N67="",$M67,$M67+$N67)
A68: 평가군 5 | B68: 평가자 5 | C68: 1차 | D68: 4급 | E68: 직원33 | F68: 87 | G68: =COUNTIF($A$6:$A$79,$A68) | H68: =RANK.EQ($F68,$F$66:$F$72,1) | I68: =INDEX('s(n) 표'!$AQ$5:$AQ$43,MATCH($G68,'s(n) 표'!$A$5:$A$43,0)) | J68: =($H68-0.375)/($G68+0.25) | K68: =NORM.S.INV($J68) | L68: =IF($G68<6,"",ROUND(MEDIAN(60,80+7*$K68/$I68,100),3)) | M68: =IF($G68>=6,$L68,IFERROR(IF(INDEX($L$6:$L$79,MATCH($E68&"|2차",$T$6:$T$79,0))="",80,INDEX($L$6:$L$79,MATCH($E68&"|2차",$T$6:$T$79,0))),80)) | N68: 0 | O68: =IF($N68="",$M68,ROUND(MEDIAN(60,$M68+$N68,100),3)) | Q68: =IF(COUNTIFS($A$6:$A$79,$A68,$F$6:$F$79,$F68)>1,"★동점","") | R68: =IF($L68="","",RANK.EQ($L68,$L$66:$L$72,1)) | S68: =IF($L68="","제5호 - 미실시",IF($R68=$H68,"보존","★불일치")) | T68: =$E68&"|"&$C68 | U68: =IF($G68<6,"",80+7*$K68/$I68) | V68: =IF($N68="",$M68,$M68+$N68)
A69: 평가군 5 | B69: 평가자 5 | C69: 1차 | D69: 4급 | E69: 직원34 | F69: 83 | G69: =COUNTIF($A$6:$A$79,$A69) | H69: =RANK.EQ($F69,$F$66:$F$72,1) | I69: =INDEX('s(n) 표'!$AQ$5:$AQ$43,MATCH($G69,'s(n) 표'!$A$5:$A$43,0)) | J69: =($H69-0.375)/($G69+0.25) | K69: =NORM.S.INV($J69) | L69: =IF($G69<6,"",ROUND(MEDIAN(60,80+7*$K69/$I69,100),3)) | M69: =IF($G69>=6,$L69,IFERROR(IF(INDEX($L$6:$L$79,MATCH($E69&"|2차",$T$6:$T$79,0))="",80,INDEX($L$6:$L$79,MATCH($E69&"|2차",$T$6:$T$79,0))),80)) | N69: 0 | O69: =IF($N69="",$M69,ROUND(MEDIAN(60,$M69+$N69,100),3)) | Q69: =IF(COUNTIFS($A$6:$A$79,$A69,$F$6:$F$79,$F69)>1,"★동점","") | R69: =IF($L69="","",RANK.EQ($L69,$L$66:$L$72,1)) | S69: =IF($L69="","제5호 - 미실시",IF($R69=$H69,"보존","★불일치")) | T69: =$E69&"|"&$C69 | U69: =IF($G69<6,"",80+7*$K69/$I69) | V69: =IF($N69="",$M69,$M69+$N69)
A70: 평가군 5 | B70: 평가자 5 | C70: 1차 | D70: 4급 | E70: 직원35 | F70: 79 | G70: =COUNTIF($A$6:$A$79,$A70) | H70: =RANK.EQ($F70,$F$66:$F$72,1) | I70: =INDEX('s(n) 표'!$AQ$5:$AQ$43,MATCH($G70,'s(n) 표'!$A$5:$A$43,0)) | J70: =($H70-0.375)/($G70+0.25) | K70: =NORM.S.INV($J70) | L70: =IF($G70<6,"",ROUND(MEDIAN(60,80+7*$K70/$I70,100),3)) | M70: =IF($G70>=6,$L70,IFERROR(IF(INDEX($L$6:$L$79,MATCH($E70&"|2차",$T$6:$T$79,0))="",80,INDEX($L$6:$L$79,MATCH($E70&"|2차",$T$6:$T$79,0))),80)) | N70: 0 | O70: =IF($N70="",$M70,ROUND(MEDIAN(60,$M70+$N70,100),3)) | Q70: =IF(COUNTIFS($A$6:$A$79,$A70,$F$6:$F$79,$F70)>1,"★동점","") | R70: =IF($L70="","",RANK.EQ($L70,$L$66:$L$72,1)) | S70: =IF($L70="","제5호 - 미실시",IF($R70=$H70,"보존","★불일치")) | T70: =$E70&"|"&$C70 | U70: =IF($G70<6,"",80+7*$K70/$I70) | V70: =IF($N70="",$M70,$M70+$N70)
A71: 평가군 5 | B71: 평가자 5 | C71: 1차 | D71: 4급 | E71: 직원36 | F71: 75 | G71: =COUNTIF($A$6:$A$79,$A71) | H71: =RANK.EQ($F71,$F$66:$F$72,1) | I71: =INDEX('s(n) 표'!$AQ$5:$AQ$43,MATCH($G71,'s(n) 표'!$A$5:$A$43,0)) | J71: =($H71-0.375)/($G71+0.25) | K71: =NORM.S.INV($J71) | L71: =IF($G71<6,"",ROUND(MEDIAN(60,80+7*$K71/$I71,100),3)) | M71: =IF($G71>=6,$L71,IFERROR(IF(INDEX($L$6:$L$79,MATCH($E71&"|2차",$T$6:$T$79,0))="",80,INDEX($L$6:$L$79,MATCH($E71&"|2차",$T$6:$T$79,0))),80)) | N71: -2 | O71: =IF($N71="",$M71,ROUND(MEDIAN(60,$M71+$N71,100),3)) | P71: 조정 사유 기재 | Q71: =IF(COUNTIFS($A$6:$A$79,$A71,$F$6:$F$79,$F71)>1,"★동점","") | R71: =IF($L71="","",RANK.EQ($L71,$L$66:$L$72,1)) | S71: =IF($L71="","제5호 - 미실시",IF($R71=$H71,"보존","★불일치")) | T71: =$E71&"|"&$C71 | U71: =IF($G71<6,"",80+7*$K71/$I71) | V71: =IF($N71="",$M71,$M71+$N71)
A72: 평가군 5 | B72: 평가자 5 | C72: 1차 | D72: 4급 | E72: 직원37 | F72: 71 | G72: =COUNTIF($A$6:$A$79,$A72) | H72: =RANK.EQ($F72,$F$66:$F$72,1) | I72: =INDEX('s(n) 표'!$AQ$5:$AQ$43,MATCH($G72,'s(n) 표'!$A$5:$A$43,0)) | J72: =($H72-0.375)/($G72+0.25) | K72: =NORM.S.INV($J72) | L72: =IF($G72<6,"",ROUND(MEDIAN(60,80+7*$K72/$I72,100),3)) | M72: =IF($G72>=6,$L72,IFERROR(IF(INDEX($L$6:$L$79,MATCH($E72&"|2차",$T$6:$T$79,0))="",80,INDEX($L$6:$L$79,MATCH($E72&"|2차",$T$6:$T$79,0))),80)) | N72: -3 | O72: =IF($N72="",$M72,ROUND(MEDIAN(60,$M72+$N72,100),3)) | P72: 조정 사유 기재 | Q72: =IF(COUNTIFS($A$6:$A$79,$A72,$F$6:$F$79,$F72)>1,"★동점","") | R72: =IF($L72="","",RANK.EQ($L72,$L$66:$L$72,1)) | S72: =IF($L72="","제5호 - 미실시",IF($R72=$H72,"보존","★불일치")) | T72: =$E72&"|"&$C72 | U72: =IF($G72<6,"",80+7*$K72/$I72) | V72: =IF($N72="",$M72,$M72+$N72)
A73: 평가군 6 | B73: 평가자 6 | C73: 2차 | D73: 4급 | E73: 직원31 | F73: 88 | G73: =COUNTIF($A$6:$A$79,$A73) | H73: =RANK.EQ($F73,$F$73:$F$79,1) | I73: =INDEX('s(n) 표'!$AQ$5:$AQ$43,MATCH($G73,'s(n) 표'!$A$5:$A$43,0)) | J73: =($H73-0.375)/($G73+0.25) | K73: =NORM.S.INV($J73) | L73: =IF($G73<6,"",ROUND(MEDIAN(60,80+7*$K73/$I73,100),3)) | M73: =IF($G73>=6,$L73,IFERROR(IF(INDEX($L$6:$L$79,MATCH($E73&"|2차",$T$6:$T$79,0))="",80,INDEX($L$6:$L$79,MATCH($E73&"|2차",$T$6:$T$79,0))),80)) | N73: 0 | O73: =IF($N73="",$M73,ROUND(MEDIAN(60,$M73+$N73,100),3)) | P73: 해당 없음 (제7호 조정은 1차 평가자만) | Q73: =IF(COUNTIFS($A$6:$A$79,$A73,$F$6:$F$79,$F73)>1,"★동점","") | R73: =IF($L73="","",RANK.EQ($L73,$L$73:$L$79,1)) | S73: =IF($L73="","제5호 - 미실시",IF($R73=$H73,"보존","★불일치")) | T73: =$E73&"|"&$C73 | U73: =IF($G73<6,"",80+7*$K73/$I73) | V73: =IF($N73="",$M73,$M73+$N73)
A74: 평가군 6 | B74: 평가자 6 | C74: 2차 | D74: 4급 | E74: 직원32 | F74: 85 | G74: =COUNTIF($A$6:$A$79,$A74) | H74: =RANK.EQ($F74,$F$73:$F$79,1) | I74: =INDEX('s(n) 표'!$AQ$5:$AQ$43,MATCH($G74,'s(n) 표'!$A$5:$A$43,0)) | J74: =($H74-0.375)/($G74+0.25) | K74: =NORM.S.INV($J74) | L74: =IF($G74<6,"",ROUND(MEDIAN(60,80+7*$K74/$I74,100),3)) | M74: =IF($G74>=6,$L74,IFERROR(IF(INDEX($L$6:$L$79,MATCH($E74&"|2차",$T$6:$T$79,0))="",80,INDEX($L$6:$L$79,MATCH($E74&"|2차",$T$6:$T$79,0))),80)) | N74: 0 | O74: =IF($N74="",$M74,ROUND(MEDIAN(60,$M74+$N74,100),3)) | P74: 해당 없음 (제7호 조정은 1차 평가자만) | Q74: =IF(COUNTIFS($A$6:$A$79,$A74,$F$6:$F$79,$F74)>1,"★동점","") | R74: =IF($L74="","",RANK.EQ($L74,$L$73:$L$79,1)) | S74: =IF($L74="","제5호 - 미실시",IF($R74=$H74,"보존","★불일치")) | T74: =$E74&"|"&$C74 | U74: =IF($G74<6,"",80+7*$K74/$I74) | V74: =IF($N74="",$M74,$M74+$N74)
A75: 평가군 6 | B75: 평가자 6 | C75: 2차 | D75: 4급 | E75: 직원33 | F75: 90 | G75: =COUNTIF($A$6:$A$79,$A75) | H75: =RANK.EQ($F75,$F$73:$F$79,1) | I75: =INDEX('s(n) 표'!$AQ$5:$AQ$43,MATCH($G75,'s(n) 표'!$A$5:$A$43,0)) | J75: =($H75-0.375)/($G75+0.25) | K75: =NORM.S.INV($J75) | L75: =IF($G75<6,"",ROUND(MEDIAN(60,80+7*$K75/$I75,100),3)) | M75: =IF($G75>=6,$L75,IFERROR(IF(INDEX($L$6:$L$79,MATCH($E75&"|2차",$T$6:$T$79,0))="",80,INDEX($L$6:$L$79,MATCH($E75&"|2차",$T$6:$T$79,0))),80)) | N75: 0 | O75: =IF($N75="",$M75,ROUND(MEDIAN(60,$M75+$N75,100),3)) | P75: 해당 없음 (제7호 조정은 1차 평가자만) | Q75: =IF(COUNTIFS($A$6:$A$79,$A75,$F$6:$F$79,$F75)>1,"★동점","") | R75: =IF($L75="","",RANK.EQ($L75,$L$73:$L$79,1)) | S75: =IF($L75="","제5호 - 미실시",IF($R75=$H75,"보존","★불일치")) | T75: =$E75&"|"&$C75 | U75: =IF($G75<6,"",80+7*$K75/$I75) | V75: =IF($N75="",$M75,$M75+$N75)
A76: 평가군 6 | B76: 평가자 6 | C76: 2차 | D76: 4급 | E76: 직원34 | F76: 80 | G76: =COUNTIF($A$6:$A$79,$A76) | H76: =RANK.EQ($F76,$F$73:$F$79,1) | I76: =INDEX('s(n) 표'!$AQ$5:$AQ$43,MATCH($G76,'s(n) 표'!$A$5:$A$43,0)) | J76: =($H76-0.375)/($G76+0.25) | K76: =NORM.S.INV($J76) | L76: =IF($G76<6,"",ROUND(MEDIAN(60,80+7*$K76/$I76,100),3)) | M76: =IF($G76>=6,$L76,IFERROR(IF(INDEX($L$6:$L$79,MATCH($E76&"|2차",$T$6:$T$79,0))="",80,INDEX($L$6:$L$79,MATCH($E76&"|2차",$T$6:$T$79,0))),80)) | N76: 0 | O76: =IF($N76="",$M76,ROUND(MEDIAN(60,$M76+$N76,100),3)) | P76: 해당 없음 (제7호 조정은 1차 평가자만) | Q76: =IF(COUNTIFS($A$6:$A$79,$A76,$F$6:$F$79,$F76)>1,"★동점","") | R76: =IF($L76="","",RANK.EQ($L76,$L$73:$L$79,1)) | S76: =IF($L76="","제5호 - 미실시",IF($R76=$H76,"보존","★불일치")) | T76: =$E76&"|"&$C76 | U76: =IF($G76<6,"",80+7*$K76/$I76) | V76: =IF($N76="",$M76,$M76+$N76)
A77: 평가군 6 | B77: 평가자 6 | C77: 2차 | D77: 4급 | E77: 직원35 | F77: 77 | G77: =COUNTIF($A$6:$A$79,$A77) | H77: =RANK.EQ($F77,$F$73:$F$79,1) | I77: =INDEX('s(n) 표'!$AQ$5:$AQ$43,MATCH($G77,'s(n) 표'!$A$5:$A$43,0)) | J77: =($H77-0.375)/($G77+0.25) | K77: =NORM.S.INV($J77) | L77: =IF($G77<6,"",ROUND(MEDIAN(60,80+7*$K77/$I77,100),3)) | M77: =IF($G77>=6,$L77,IFERROR(IF(INDEX($L$6:$L$79,MATCH($E77&"|2차",$T$6:$T$79,0))="",80,INDEX($L$6:$L$79,MATCH($E77&"|2차",$T$6:$T$79,0))),80)) | N77: 0 | O77: =IF($N77="",$M77,ROUND(MEDIAN(60,$M77+$N77,100),3)) | P77: 해당 없음 (제7호 조정은 1차 평가자만) | Q77: =IF(COUNTIFS($A$6:$A$79,$A77,$F$6:$F$79,$F77)>1,"★동점","") | R77: =IF($L77="","",RANK.EQ($L77,$L$73:$L$79,1)) | S77: =IF($L77="","제5호 - 미실시",IF($R77=$H77,"보존","★불일치")) | T77: =$E77&"|"&$C77 | U77: =IF($G77<6,"",80+7*$K77/$I77) | V77: =IF($N77="",$M77,$M77+$N77)
A78: 평가군 6 | B78: 평가자 6 | C78: 2차 | D78: 4급 | E78: 직원36 | F78: 83 | G78: =COUNTIF($A$6:$A$79,$A78) | H78: =RANK.EQ($F78,$F$73:$F$79,1) | I78: =INDEX('s(n) 표'!$AQ$5:$AQ$43,MATCH($G78,'s(n) 표'!$A$5:$A$43,0)) | J78: =($H78-0.375)/($G78+0.25) | K78: =NORM.S.INV($J78) | L78: =IF($G78<6,"",ROUND(MEDIAN(60,80+7*$K78/$I78,100),3)) | M78: =IF($G78>=6,$L78,IFERROR(IF(INDEX($L$6:$L$79,MATCH($E78&"|2차",$T$6:$T$79,0))="",80,INDEX($L$6:$L$79,MATCH($E78&"|2차",$T$6:$T$79,0))),80)) | N78: 0 | O78: =IF($N78="",$M78,ROUND(MEDIAN(60,$M78+$N78,100),3)) | P78: 해당 없음 (제7호 조정은 1차 평가자만) | Q78: =IF(COUNTIFS($A$6:$A$79,$A78,$F$6:$F$79,$F78)>1,"★동점","") | R78: =IF($L78="","",RANK.EQ($L78,$L$73:$L$79,1)) | S78: =IF($L78="","제5호 - 미실시",IF($R78=$H78,"보존","★불일치")) | T78: =$E78&"|"&$C78 | U78: =IF($G78<6,"",80+7*$K78/$I78) | V78: =IF($N78="",$M78,$M78+$N78)
A79: 평가군 6 | B79: 평가자 6 | C79: 2차 | D79: 4급 | E79: 직원37 | F79: 74 | G79: =COUNTIF($A$6:$A$79,$A79) | H79: =RANK.EQ($F79,$F$73:$F$79,1) | I79: =INDEX('s(n) 표'!$AQ$5:$AQ$43,MATCH($G79,'s(n) 표'!$A$5:$A$43,0)) | J79: =($H79-0.375)/($G79+0.25) | K79: =NORM.S.INV($J79) | L79: =IF($G79<6,"",ROUND(MEDIAN(60,80+7*$K79/$I79,100),3)) | M79: =IF($G79>=6,$L79,IFERROR(IF(INDEX($L$6:$L$79,MATCH($E79&"|2차",$T$6:$T$79,0))="",80,INDEX($L$6:$L$79,MATCH($E79&"|2차",$T$6:$T$79,0))),80)) | N79: 0 | O79: =IF($N79="",$M79,ROUND(MEDIAN(60,$M79+$N79,100),3)) | P79: 해당 없음 (제7호 조정은 1차 평가자만) | Q79: =IF(COUNTIFS($A$6:$A$79,$A79,$F$6:$F$79,$F79)>1,"★동점","") | R79: =IF($L79="","",RANK.EQ($L79,$L$73:$L$79,1)) | S79: =IF($L79="","제5호 - 미실시",IF($R79=$H79,"보존","★불일치")) | T79: =$E79&"|"&$C79 | U79: =IF($G79<6,"",80+7*$K79/$I79) | V79: =IF($N79="",$M79,$M79+$N79)

Sheet 종합점수·등급
A1: ③ 종합점수·등급 — 규칙 제9조② · 제26조① · [별표 2] · [별표 7]
A2: 고지 — 이 파일의 모든 인명·점수는 산식 검증을 위한 모의 예시 데이터이며, 창업진흥원의 실제 근무평정 결과가 아니다.
A3: 개정 14 채택 여부 (Y/N) → | B3: Y | C3: ★ 배점 스위치 — Y: 업적·역량 75% / 다면 20% / 공통 5% N(현행): 85% / 10% / 5%
A4: 업적·역량 배점 | B4: =IF($B$3="Y",0.75,0.85)
A5: 다면(상향) 배점 | B5: =IF($B$3="Y",0.2,0.1)
A6: 공통평가 배점 | B6: 0.05 | C6: 부서장(4급 이상)은 다면 대신 상향평가이며 1차:2차 = 50:50, 배점은 현행(0.85/0.10/0.05)을 유지한다.
C7: [별표 9] 제5호 적용 행(1차 평가군 6명 미만)은 1차 비율 0 · 2차 비율 100%이며, 업적·역량 = 2차 보정점수 × 100% + 1차 평가자의 제7호 조정량(E열 − F열)이다.
A8: 직원 | B8: 직급 | C8: 부서장 여부 | D8: 1차 평가군 인원 n₁ | E8: 1차 적용점수 (조정 후) 제5호 시 = 2차+조정 | F8: 2차 보정점수 | G8: 제5호 | H8: 1차 비율 | I8: 2차 비율 | J8: 업적·역량 점수 | K8: 다면/상향 원점수 | L8: 유효 응답수 | M8: 다면 평가군 인원 | N8: 다면 순위 | O8: 다면 s(n) | P8: 다면 보정점수 | Q8: 공통평가 | R8: 업적·역량 배점 | S8: 다면 배점 | T8: 종합점수 | U8: 직급 인원 | V8: 직급내 순위 | W8: S 정원 | X8: A 정원 | Y8: B 정원 | Z8: C 정원 | AA8: 등급 | AB8: 등급 인원 | AC8: 등급내 순위 | AD8: 평정점 (별표 7)
A9: 직원01 | B9: 5급 | C9: N | D9: =INDEX('평가군 계산'!$G$6:$G$79,MATCH($A9&"|1차",'평가군 계산'!$T$6:$T$79,0)) | E9: =INDEX('평가군 계산'!$O$6:$O$79,MATCH($A9&"|1차",'평가군 계산'!$T$6:$T$79,0)) | F9: =IFERROR(IF(INDEX('평가군 계산'!$L$6:$L$79,MATCH($A9&"|2차",'평가군 계산'!$T$6:$T$79,0))="",80,INDEX('평가군 계산'!$L$6:$L$79,MATCH($A9&"|2차",'평가군 계산'!$T$6:$T$79,0))),80) | G9: =IF($D9<6,"제5호 — 2차 100% + 1차 조정","-") | H9: =IF($D9<6,0,IF($C9="Y",0.5,0.6)) | I9: =IF($D9<6,1,IF($C9="Y",0.5,0.4)) | J9: =ROUND(IF($D9<6,$I9*$F9+($E9-$F9),$H9*$E9+$I9*$F9),3) | K9: 79.1 | L9: 7 | M9: =COUNTIFS($L$9:$L$45,">=3") | N9: =IF($L9<3,"",COUNTIFS($L$9:$L$45,">=3",$K$9:$K$45,"<"&$K9)+1) | O9: =IF($L9<3,"",INDEX('s(n) 표'!$AQ$5:$AQ$43,MATCH($M9,'s(n) 표'!$A$5:$A$43,0))) | P9: =IF($L9<3,80,ROUND(MEDIAN(60,80+7*NORM.S.INV(($N9-0.375)/($M9+0.25))/$O9,100),3)) | Q9: 97 | R9: =IF($C9="Y",0.85,$B$4)+IF($L9<3,IF($C9="Y",0.1,$B$5),0) | S9: =IF($L9<3,0,IF($C9="Y",0.1,$B$5)) | T9: =ROUND($R9*$J9+$S9*$P9+$B$6*$Q9,3) | U9: =COUNTIF($B$9:$B$45,$B9) | V9: =COUNTIFS($B$9:$B$45,$B9,$T$9:$T$45,">"&$T9)+1 | W9: =INDEX($T$50:$T$51,MATCH($B9,$A$50:$A$51,0)) | X9: =INDEX($U$50:$U$51,MATCH($B9,$A$50:$A$51,0)) | Y9: =INDEX($V$50:$V$51,MATCH($B9,$A$50:$A$51,0)) | Z9: =INDEX($W$50:$W$51,MATCH($B9,$A$50:$A$51,0)) | AA9: =IF($V9<=$W9,"S",IF($V9<=$W9+$X9,"A",IF($V9<=$W9+$X9+$Y9,"B","C"))) | AB9: =IF($AA9="S",$W9,IF($AA9="A",$X9,IF($AA9="B",$Y9,$Z9))) | AC9: =$V9-IF($AA9="S",0,IF($AA9="A",$W9,IF($AA9="B",$W9+$X9,$W9+$X9+$Y9))) | AD9: =ROUND(IF($AA9="S",100,IF($AA9="A",90,IF($AA9="B",80,70)))-(10/$AB9)*($AC9-1),3)
A10: 직원02 | B10: 5급 | C10: N | D10: =INDEX('평가군 계산'!$G$6:$G$79,MATCH($A10&"|1차",'평가군 계산'!$T$6:$T$79,0)) | E10: =INDEX('평가군 계산'!$O$6:$O$79,MATCH($A10&"|1차",'평가군 계산'!$T$6:$T$79,0)) | F10: =IFERROR(IF(INDEX('평가군 계산'!$L$6:$L$79,MATCH($A10&"|2차",'평가군 계산'!$T$6:$T$79,0))="",80,INDEX('평가군 계산'!$L$6:$L$79,MATCH($A10&"|2차",'평가군 계산'!$T$6:$T$79,0))),80) | G10: =IF($D10<6,"제5호 — 2차 100% + 1차 조정","-") | H10: =IF($D10<6,0,IF($C10="Y",0.5,0.6)) | I10: =IF($D10<6,1,IF($C10="Y",0.5,0.4)) | J10: =ROUND(IF($D10<6,$I10*$F10+($E10-$F10),$H10*$E10+$I10*$F10),3) | K10: 88.2 | L10: 8 | M10: =COUNTIFS($L$9:$L$45,">=3") | N10: =IF($L10<3,"",COUNTIFS($L$9:$L$45,">=3",$K$9:$K$45,"<"&$K10)+1) | O10: =IF($L10<3,"",INDEX('s(n) 표'!$AQ$5:$AQ$43,MATCH($M10,'s(n) 표'!$A$5:$A$43,0))) | P10: =IF($L10<3,80,ROUND(MEDIAN(60,80+7*NORM.S.INV(($N10-0.375)/($M10+0.25))/$O10,100),3)) | Q10: 93 | R10: =IF($C10="Y",0.85,$B$4)+IF($L10<3,IF($C10="Y",0.1,$B$5),0) | S10: =IF($L10<3,0,IF($C10="Y",0.1,$B$5)) | T10: =ROUND($R10*$J10+$S10*$P10+$B$6*$Q10,3) | U10: =COUNTIF($B$9:$B$45,$B10) | V10: =COUNTIFS($B$9:$B$45,$B10,$T$9:$T$45,">"&$T10)+1 | W10: =INDEX($T$50:$T$51,MATCH($B10,$A$50:$A$51,0)) | X10: =INDEX($U$50:$U$51,MATCH($B10,$A$50:$A$51,0)) | Y10: =INDEX($V$50:$V$51,MATCH($B10,$A$50:$A$51,0)) | Z10: =INDEX($W$50:$W$51,MATCH($B10,$A$50:$A$51,0)) | AA10: =IF($V10<=$W10,"S",IF($V10<=$W10+$X10,"A",IF($V10<=$W10+$X10+$Y10,"B","C"))) | AB10: =IF($AA10="S",$W10,IF($AA10="A",$X10,IF($AA10="B",$Y10,$Z10))) | AC10: =$V10-IF($AA10="S",0,IF($AA10="A",$W10,IF($AA10="B",$W10+$X10,$W10+$X10+$Y10))) | AD10: =ROUND(IF($AA10="S",100,IF($AA10="A",90,IF($AA10="B",80,70)))-(10/$AB10)*($AC10-1),3)
A11: 직원03 | B11: 5급 | C11: N | D11: =INDEX('평가군 계산'!$G$6:$G$79,MATCH($A11&"|1차",'평가군 계산'!$T$6:$T$79,0)) | E11: =INDEX('평가군 계산'!$O$6:$O$79,MATCH($A11&"|1차",'평가군 계산'!$T$6:$T$79,0)) | F11: =IFERROR(IF(INDEX('평가군 계산'!$L$6:$L$79,MATCH($A11&"|2차",'평가군 계산'!$T$6:$T$79,0))="",80,INDEX('평가군 계산'!$L$6:$L$79,MATCH($A11&"|2차",'평가군 계산'!$T$6:$T$79,0))),80) | G11: =IF($D11<6,"제5호 — 2차 100% + 1차 조정","-") | H11: =IF($D11<6,0,IF($C11="Y",0.5,0.6)) | I11: =IF($D11<6,1,IF($C11="Y",0.5,0.4)) | J11: =ROUND(IF($D11<6,$I11*$F11+($E11-$F11),$H11*$E11+$I11*$F11),3) | K11: 71.4 | L11: 9 | M11: =COUNTIFS($L$9:$L$45,">=3") | N11: =IF($L11<3,"",COUNTIFS($L$9:$L$45,">=3",$K$9:$K$45,"<"&$K11)+1) | O11: =IF($L11<3,"",INDEX('s(n) 표'!$AQ$5:$AQ$43,MATCH($M11,'s(n) 표'!$A$5:$A$43,0))) | P11: =IF($L11<3,80,ROUND(MEDIAN(60,80+7*NORM.S.INV(($N11-0.375)/($M11+0.25))/$O11,100),3)) | Q11: 100 | R11: =IF($C11="Y",0.85,$B$4)+IF($L11<3,IF($C11="Y",0.1,$B$5),0) | S11: =IF($L11<3,0,IF($C11="Y",0.1,$B$5)) | T11: =ROUND($R11*$J11+$S11*$P11+$B$6*$Q11,3) | U11: =COUNTIF($B$9:$B$45,$B11) | V11: =COUNTIFS($B$9:$B$45,$B11,$T$9:$T$45,">"&$T11)+1 | W11: =INDEX($T$50:$T$51,MATCH($B11,$A$50:$A$51,0)) | X11: =INDEX($U$50:$U$51,MATCH($B11,$A$50:$A$51,0)) | Y11: =INDEX($V$50:$V$51,MATCH($B11,$A$50:$A$51,0)) | Z11: =INDEX($W$50:$W$51,MATCH($B11,$A$50:$A$51,0)) | AA11: =IF($V11<=$W11,"S",IF($V11<=$W11+$X11,"A",IF($V11<=$W11+$X11+$Y11,"B","C"))) | AB11: =IF($AA11="S",$W11,IF($AA11="A",$X11,IF($AA11="B",$Y11,$Z11))) | AC11: =$V11-IF($AA11="S",0,IF($AA11="A",$W11,IF($AA11="B",$W11+$X11,$W11+$X11+$Y11))) | AD11: =ROUND(IF($AA11="S",100,IF($AA11="A",90,IF($AA11="B",80,70)))-(10/$AB11)*($AC11-1),3)
A12: 직원04 | B12: 5급 | C12: N | D12: =INDEX('평가군 계산'!$G$6:$G$79,MATCH($A12&"|1차",'평가군 계산'!$T$6:$T$79,0)) | E12: =INDEX('평가군 계산'!$O$6:$O$79,MATCH($A12&"|1차",'평가군 계산'!$T$6:$T$79,0)) | F12: =IFERROR(IF(INDEX('평가군 계산'!$L$6:$L$79,MATCH($A12&"|2차",'평가군 계산'!$T$6:$T$79,0))="",80,INDEX('평가군 계산'!$L$6:$L$79,MATCH($A12&"|2차",'평가군 계산'!$T$6:$T$79,0))),80) | G12: =IF($D12<6,"제5호 — 2차 100% + 1차 조정","-") | H12: =IF($D12<6,0,IF($C12="Y",0.5,0.6)) | I12: =IF($D12<6,1,IF($C12="Y",0.5,0.4)) | J12: =ROUND(IF($D12<6,$I12*$F12+($E12-$F12),$H12*$E12+$I12*$F12),3) | K12: 80.5 | L12: 10 | M12: =COUNTIFS($L$9:$L$45,">=3") | N12: =IF($L12<3,"",COUNTIFS($L$9:$L$45,">=3",$K$9:$K$45,"<"&$K12)+1) | O12: =IF($L12<3,"",INDEX('s(n) 표'!$AQ$5:$AQ$43,MATCH($M12,'s(n) 표'!$A$5:$A$43,0))) | P12: =IF($L12<3,80,ROUND(MEDIAN(60,80+7*NORM.S.INV(($N12-0.375)/($M12+0.25))/$O12,100),3)) | Q12: 96 | R12: =IF($C12="Y",0.85,$B$4)+IF($L12<3,IF($C12="Y",0.1,$B$5),0) | S12: =IF($L12<3,0,IF($C12="Y",0.1,$B$5)) | T12: =ROUND($R12*$J12+$S12*$P12+$B$6*$Q12,3) | U12: =COUNTIF($B$9:$B$45,$B12) | V12: =COUNTIFS($B$9:$B$45,$B12,$T$9:$T$45,">"&$T12)+1 | W12: =INDEX($T$50:$T$51,MATCH($B12,$A$50:$A$51,0)) | X12: =INDEX($U$50:$U$51,MATCH($B12,$A$50:$A$51,0)) | Y12: =INDEX($V$50:$V$51,MATCH($B12,$A$50:$A$51,0)) | Z12: =INDEX($W$50:$W$51,MATCH($B12,$A$50:$A$51,0)) | AA12: =IF($V12<=$W12,"S",IF($V12<=$W12+$X12,"A",IF($V12<=$W12+$X12+$Y12,"B","C"))) | AB12: =IF($AA12="S",$W12,IF($AA12="A",$X12,IF($AA12="B",$Y12,$Z12))) | AC12: =$V12-IF($AA12="S",0,IF($AA12="A",$W12,IF($AA12="B",$W12+$X12,$W12+$X12+$Y12))) | AD12: =ROUND(IF($AA12="S",100,IF($AA12="A",90,IF($AA12="B",80,70)))-(10/$AB12)*($AC12-1),3)
A13: 직원05 | B13: 5급 | C13: N | D13: =INDEX('평가군 계산'!$G$6:$G$79,MATCH($A13&"|1차",'평가군 계산'!$T$6:$T$79,0)) | E13: =INDEX('평가군 계산'!$O$6:$O$79,MATCH($A13&"|1차",'평가군 계산'!$T$6:$T$79,0)) | F13: =IFERROR(IF(INDEX('평가군 계산'!$L$6:$L$79,MATCH($A13&"|2차",'평가군 계산'!$T$6:$T$79,0))="",80,INDEX('평가군 계산'!$L$6:$L$79,MATCH($A13&"|2차",'평가군 계산'!$T$6:$T$79,0))),80) | G13: =IF($D13<6,"제5호 — 2차 100% + 1차 조정","-") | H13: =IF($D13<6,0,IF($C13="Y",0.5,0.6)) | I13: =IF($D13<6,1,IF($C13="Y",0.5,0.4)) | J13: =ROUND(IF($D13<6,$I13*$F13+($E13-$F13),$H13*$E13+$I13*$F13),3) | K13: 89.6 | L13: 6 | M13: =COUNTIFS($L$9:$L$45,">=3") | N13: =IF($L13<3,"",COUNTIFS($L$9:$L$45,">=3",$K$9:$K$45,"<"&$K13)+1) | O13: =IF($L13<3,"",INDEX('s(n) 표'!$AQ$5:$AQ$43,MATCH($M13,'s(n) 표'!$A$5:$A$43,0))) | P13: =IF($L13<3,80,ROUND(MEDIAN(60,80+7*NORM.S.INV(($N13-0.375)/($M13+0.25))/$O13,100),3)) | Q13: 92 | R13: =IF($C13="Y",0.85,$B$4)+IF($L13<3,IF($C13="Y",0.1,$B$5),0) | S13: =IF($L13<3,0,IF($C13="Y",0.1,$B$5)) | T13: =ROUND($R13*$J13+$S13*$P13+$B$6*$Q13,3) | U13: =COUNTIF($B$9:$B$45,$B13) | V13: =COUNTIFS($B$9:$B$45,$B13,$T$9:$T$45,">"&$T13)+1 | W13: =INDEX($T$50:$T$51,MATCH($B13,$A$50:$A$51,0)) | X13: =INDEX($U$50:$U$51,MATCH($B13,$A$50:$A$51,0)) | Y13: =INDEX($V$50:$V$51,MATCH($B13,$A$50:$A$51,0)) | Z13: =INDEX($W$50:$W$51,MATCH($B13,$A$50:$A$51,0)) | AA13: =IF($V13<=$W13,"S",IF($V13<=$W13+$X13,"A",IF($V13<=$W13+$X13+$Y13,"B","C"))) | AB13: =IF($AA13="S",$W13,IF($AA13="A",$X13,IF($AA13="B",$Y13,$Z13))) | AC13: =$V13-IF($AA13="S",0,IF($AA13="A",$W13,IF($AA13="B",$W13+$X13,$W13+$X13+$Y13))) | AD13: =ROUND(IF($AA13="S",100,IF($AA13="A",90,IF($AA13="B",80,70)))-(10/$AB13)*($AC13-1),3)
A14: 직원06 | B14: 5급 | C14: N | D14: =INDEX('평가군 계산'!$G$6:$G$79,MATCH($A14&"|1차",'평가군 계산'!$T$6:$T$79,0)) | E14: =INDEX('평가군 계산'!$O$6:$O$79,MATCH($A14&"|1차",'평가군 계산'!$T$6:$T$79,0)) | F14: =IFERROR(IF(INDEX('평가군 계산'!$L$6:$L$79,MATCH($A14&"|2차",'평가군 계산'!$T$6:$T$79,0))="",80,INDEX('평가군 계산'!$L$6:$L$79,MATCH($A14&"|2차",'평가군 계산'!$T$6:$T$79,0))),80) | G14: =IF($D14<6,"제5호 — 2차 100% + 1차 조정","-") | H14: =IF($D14<6,0,IF($C14="Y",0.5,0.6)) | I14: =IF($D14<6,1,IF($C14="Y",0.5,0.4)) | J14: =ROUND(IF($D14<6,$I14*$F14+($E14-$F14),$H14*$E14+$I14*$F14),3) | K14: 72.8 | L14: 7 | M14: =COUNTIFS($L$9:$L$45,">=3") | N14: =IF($L14<3,"",COUNTIFS($L$9:$L$45,">=3",$K$9:$K$45,"<"&$K14)+1) | O14: =IF($L14<3,"",INDEX('s(n) 표'!$AQ$5:$AQ$43,MATCH($M14,'s(n) 표'!$A$5:$A$43,0))) | P14: =IF($L14<3,80,ROUND(MEDIAN(60,80+7*NORM.S.INV(($N14-0.375)/($M14+0.25))/$O14,100),3)) | Q14: 99 | R14: =IF($C14="Y",0.85,$B$4)+IF($L14<3,IF($C14="Y",0.1,$B$5),0) | S14: =IF($L14<3,0,IF($C14="Y",0.1,$B$5)) | T14: =ROUND($R14*$J14+$S14*$P14+$B$6*$Q14,3) | U14: =COUNTIF($B$9:$B$45,$B14) | V14: =COUNTIFS($B$9:$B$45,$B14,$T$9:$T$45,">"&$T14)+1 | W14: =INDEX($T$50:$T$51,MATCH($B14,$A$50:$A$51,0)) | X14: =INDEX($U$50:$U$51,MATCH($B14,$A$50:$A$51,0)) | Y14: =INDEX($V$50:$V$51,MATCH($B14,$A$50:$A$51,0)) | Z14: =INDEX($W$50:$W$51,MATCH($B14,$A$50:$A$51,0)) | AA14: =IF($V14<=$W14,"S",IF($V14<=$W14+$X14,"A",IF($V14<=$W14+$X14+$Y14,"B","C"))) | AB14: =IF($AA14="S",$W14,IF($AA14="A",$X14,IF($AA14="B",$Y14,$Z14))) | AC14: =$V14-IF($AA14="S",0,IF($AA14="A",$W14,IF($AA14="B",$W14+$X14,$W14+$X14+$Y14))) | AD14: =ROUND(IF($AA14="S",100,IF($AA14="A",90,IF($AA14="B",80,70)))-(10/$AB14)*($AC14-1),3)
A15: 직원07 | B15: 5급 | C15: N | D15: =INDEX('평가군 계산'!$G$6:$G$79,MATCH($A15&"|1차",'평가군 계산'!$T$6:$T$79,0)) | E15: =INDEX('평가군 계산'!$O$6:$O$79,MATCH($A15&"|1차",'평가군 계산'!$T$6:$T$79,0)) | F15: =IFERROR(IF(INDEX('평가군 계산'!$L$6:$L$79,MATCH($A15&"|2차",'평가군 계산'!$T$6:$T$79,0))="",80,INDEX('평가군 계산'!$L$6:$L$79,MATCH($A15&"|2차",'평가군 계산'!$T$6:$T$79,0))),80) | G15: =IF($D15<6,"제5호 — 2차 100% + 1차 조정","-") | H15: =IF($D15<6,0,IF($C15="Y",0.5,0.6)) | I15: =IF($D15<6,1,IF($C15="Y",0.5,0.4)) | J15: =ROUND(IF($D15<6,$I15*$F15+($E15-$F15),$H15*$E15+$I15*$F15),3) | K15: 81.9 | L15: 8 | M15: =COUNTIFS($L$9:$L$45,">=3") | N15: =IF($L15<3,"",COUNTIFS($L$9:$L$45,">=3",$K$9:$K$45,"<"&$K15)+1) | O15: =IF($L15<3,"",INDEX('s(n) 표'!$AQ$5:$AQ$43,MATCH($M15,'s(n) 표'!$A$5:$A$43,0))) | P15: =IF($L15<3,80,ROUND(MEDIAN(60,80+7*NORM.S.INV(($N15-0.375)/($M15+0.25))/$O15,100),3)) | Q15: 95 | R15: =IF($C15="Y",0.85,$B$4)+IF($L15<3,IF($C15="Y",0.1,$B$5),0) | S15: =IF($L15<3,0,IF($C15="Y",0.1,$B$5)) | T15: =ROUND($R15*$J15+$S15*$P15+$B$6*$Q15,3) | U15: =COUNTIF($B$9:$B$45,$B15) | V15: =COUNTIFS($B$9:$B$45,$B15,$T$9:$T$45,">"&$T15)+1 | W15: =INDEX($T$50:$T$51,MATCH($B15,$A$50:$A$51,0)) | X15: =INDEX($U$50:$U$51,MATCH($B15,$A$50:$A$51,0)) | Y15: =INDEX($V$50:$V$51,MATCH($B15,$A$50:$A$51,0)) | Z15: =INDEX($W$50:$W$51,MATCH($B15,$A$50:$A$51,0)) | AA15: =IF($V15<=$W15,"S",IF($V15<=$W15+$X15,"A",IF($V15<=$W15+$X15+$Y15,"B","C"))) | AB15: =IF($AA15="S",$W15,IF($AA15="A",$X15,IF($AA15="B",$Y15,$Z15))) | AC15: =$V15-IF($AA15="S",0,IF($AA15="A",$W15,IF($AA15="B",$W15+$X15,$W15+$X15+$Y15))) | AD15: =ROUND(IF($AA15="S",100,IF($AA15="A",90,IF($AA15="B",80,70)))-(10/$AB15)*($AC15-1),3)
A16: 직원08 | B16: 5급 | C16: N | D16: =INDEX('평가군 계산'!$G$6:$G$79,MATCH($A16&"|1차",'평가군 계산'!$T$6:$T$79,0)) | E16: =INDEX('평가군 계산'!$O$6:$O$79,MATCH($A16&"|1차",'평가군 계산'!$T$6:$T$79,0)) | F16: =IFERROR(IF(INDEX('평가군 계산'!$L$6:$L$79,MATCH($A16&"|2차",'평가군 계산'!$T$6:$T$79,0))="",80,INDEX('평가군 계산'!$L$6:$L$79,MATCH($A16&"|2차",'평가군 계산'!$T$6:$T$79,0))),80) | G16: =IF($D16<6,"제5호 — 2차 100% + 1차 조정","-") | H16: =IF($D16<6,0,IF($C16="Y",0.5,0.6)) | I16: =IF($D16<6,1,IF($C16="Y",0.5,0.4)) | J16: =ROUND(IF($D16<6,$I16*$F16+($E16-$F16),$H16*$E16+$I16*$F16),3) | K16: 91 | L16: 9 | M16: =COUNTIFS($L$9:$L$45,">=3") | N16: =IF($L16<3,"",COUNTIFS($L$9:$L$45,">=3",$K$9:$K$45,"<"&$K16)+1) | O16: =IF($L16<3,"",INDEX('s(n) 표'!$AQ$5:$AQ$43,MATCH($M16,'s(n) 표'!$A$5:$A$43,0))) | P16: =IF($L16<3,80,ROUND(MEDIAN(60,80+7*NORM.S.INV(($N16-0.375)/($M16+0.25))/$O16,100),3)) | Q16: 91 | R16: =IF($C16="Y",0.85,$B$4)+IF($L16<3,IF($C16="Y",0.1,$B$5),0) | S16: =IF($L16<3,0,IF($C16="Y",0.1,$B$5)) | T16: =ROUND($R16*$J16+$S16*$P16+$B$6*$Q16,3) | U16: =COUNTIF($B$9:$B$45,$B16) | V16: =COUNTIFS($B$9:$B$45,$B16,$T$9:$T$45,">"&$T16)+1 | W16: =INDEX($T$50:$T$51,MATCH($B16,$A$50:$A$51,0)) | X16: =INDEX($U$50:$U$51,MATCH($B16,$A$50:$A$51,0)) | Y16: =INDEX($V$50:$V$51,MATCH($B16,$A$50:$A$51,0)) | Z16: =INDEX($W$50:$W$51,MATCH($B16,$A$50:$A$51,0)) | AA16: =IF($V16<=$W16,"S",IF($V16<=$W16+$X16,"A",IF($V16<=$W16+$X16+$Y16,"B","C"))) | AB16: =IF($AA16="S",$W16,IF($AA16="A",$X16,IF($AA16="B",$Y16,$Z16))) | AC16: =$V16-IF($AA16="S",0,IF($AA16="A",$W16,IF($AA16="B",$W16+$X16,$W16+$X16+$Y16))) | AD16: =ROUND(IF($AA16="S",100,IF($AA16="A",90,IF($AA16="B",80,70)))-(10/$AB16)*($AC16-1),3)
A17: 직원09 | B17: 5급 | C17: N | D17: =INDEX('평가군 계산'!$G$6:$G$79,MATCH($A17&"|1차",'평가군 계산'!$T$6:$T$79,0)) | E17: =INDEX('평가군 계산'!$O$6:$O$79,MATCH($A17&"|1차",'평가군 계산'!$T$6:$T$79,0)) | F17: =IFERROR(IF(INDEX('평가군 계산'!$L$6:$L$79,MATCH($A17&"|2차",'평가군 계산'!$T$6:$T$79,0))="",80,INDEX('평가군 계산'!$L$6:$L$79,MATCH($A17&"|2차",'평가군 계산'!$T$6:$T$79,0))),80) | G17: =IF($D17<6,"제5호 — 2차 100% + 1차 조정","-") | H17: =IF($D17<6,0,IF($C17="Y",0.5,0.6)) | I17: =IF($D17<6,1,IF($C17="Y",0.5,0.4)) | J17: =ROUND(IF($D17<6,$I17*$F17+($E17-$F17),$H17*$E17+$I17*$F17),3) | K17: 74.2 | L17: 10 | M17: =COUNTIFS($L$9:$L$45,">=3") | N17: =IF($L17<3,"",COUNTIFS($L$9:$L$45,">=3",$K$9:$K$45,"<"&$K17)+1) | O17: =IF($L17<3,"",INDEX('s(n) 표'!$AQ$5:$AQ$43,MATCH($M17,'s(n) 표'!$A$5:$A$43,0))) | P17: =IF($L17<3,80,ROUND(MEDIAN(60,80+7*NORM.S.INV(($N17-0.375)/($M17+0.25))/$O17,100),3)) | Q17: 98 | R17: =IF($C17="Y",0.85,$B$4)+IF($L17<3,IF($C17="Y",0.1,$B$5),0) | S17: =IF($L17<3,0,IF($C17="Y",0.1,$B$5)) | T17: =ROUND($R17*$J17+$S17*$P17+$B$6*$Q17,3) | U17: =COUNTIF($B$9:$B$45,$B17) | V17: =COUNTIFS($B$9:$B$45,$B17,$T$9:$T$45,">"&$T17)+1 | W17: =INDEX($T$50:$T$51,MATCH($B17,$A$50:$A$51,0)) | X17: =INDEX($U$50:$U$51,MATCH($B17,$A$50:$A$51,0)) | Y17: =INDEX($V$50:$V$51,MATCH($B17,$A$50:$A$51,0)) | Z17: =INDEX($W$50:$W$51,MATCH($B17,$A$50:$A$51,0)) | AA17: =IF($V17<=$W17,"S",IF($V17<=$W17+$X17,"A",IF($V17<=$W17+$X17+$Y17,"B","C"))) | AB17: =IF($AA17="S",$W17,IF($AA17="A",$X17,IF($AA17="B",$Y17,$Z17))) | AC17: =$V17-IF($AA17="S",0,IF($AA17="A",$W17,IF($AA17="B",$W17+$X17,$W17+$X17+$Y17))) | AD17: =ROUND(IF($AA17="S",100,IF($AA17="A",90,IF($AA17="B",80,70)))-(10/$AB17)*($AC17-1),3)
A18: 직원10 | B18: 5급 | C18: N | D18: =INDEX('평가군 계산'!$G$6:$G$79,MATCH($A18&"|1차",'평가군 계산'!$T$6:$T$79,0)) | E18: =INDEX('평가군 계산'!$O$6:$O$79,MATCH($A18&"|1차",'평가군 계산'!$T$6:$T$79,0)) | F18: =IFERROR(IF(INDEX('평가군 계산'!$L$6:$L$79,MATCH($A18&"|2차",'평가군 계산'!$T$6:$T$79,0))="",80,INDEX('평가군 계산'!$L$6:$L$79,MATCH($A18&"|2차",'평가군 계산'!$T$6:$T$79,0))),80) | G18: =IF($D18<6,"제5호 — 2차 100% + 1차 조정","-") | H18: =IF($D18<6,0,IF($C18="Y",0.5,0.6)) | I18: =IF($D18<6,1,IF($C18="Y",0.5,0.4)) | J18: =ROUND(IF($D18<6,$I18*$F18+($E18-$F18),$H18*$E18+$I18*$F18),3) | K18: 83.3 | L18: 6 | M18: =COUNTIFS($L$9:$L$45,">=3") | N18: =IF($L18<3,"",COUNTIFS($L$9:$L$45,">=3",$K$9:$K$45,"<"&$K18)+1) | O18: =IF($L18<3,"",INDEX('s(n) 표'!$AQ$5:$AQ$43,MATCH($M18,'s(n) 표'!$A$5:$A$43,0))) | P18: =IF($L18<3,80,ROUND(MEDIAN(60,80+7*NORM.S.INV(($N18-0.375)/($M18+0.25))/$O18,100),3)) | Q18: 94 | R18: =IF($C18="Y",0.85,$B$4)+IF($L18<3,IF($C18="Y",0.1,$B$5),0) | S18: =IF($L18<3,0,IF($C18="Y",0.1,$B$5)) | T18: =ROUND($R18*$J18+$S18*$P18+$B$6*$Q18,3) | U18: =COUNTIF($B$9:$B$45,$B18) | V18: =COUNTIFS($B$9:$B$45,$B18,$T$9:$T$45,">"&$T18)+1 | W18: =INDEX($T$50:$T$51,MATCH($B18,$A$50:$A$51,0)) | X18: =INDEX($U$50:$U$51,MATCH($B18,$A$50:$A$51,0)) | Y18: =INDEX($V$50:$V$51,MATCH($B18,$A$50:$A$51,0)) | Z18: =INDEX($W$50:$W$51,MATCH($B18,$A$50:$A$51,0)) | AA18: =IF($V18<=$W18,"S",IF($V18<=$W18+$X18,"A",IF($V18<=$W18+$X18+$Y18,"B","C"))) | AB18: =IF($AA18="S",$W18,IF($AA18="A",$X18,IF($AA18="B",$Y18,$Z18))) | AC18: =$V18-IF($AA18="S",0,IF($AA18="A",$W18,IF($AA18="B",$W18+$X18,$W18+$X18+$Y18))) | AD18: =ROUND(IF($AA18="S",100,IF($AA18="A",90,IF($AA18="B",80,70)))-(10/$AB18)*($AC18-1),3)
A19: 직원11 | B19: 5급 | C19: N | D19: =INDEX('평가군 계산'!$G$6:$G$79,MATCH($A19&"|1차",'평가군 계산'!$T$6:$T$79,0)) | E19: =INDEX('평가군 계산'!$O$6:$O$79,MATCH($A19&"|1차",'평가군 계산'!$T$6:$T$79,0)) | F19: =IFERROR(IF(INDEX('평가군 계산'!$L$6:$L$79,MATCH($A19&"|2차",'평가군 계산'!$T$6:$T$79,0))="",80,INDEX('평가군 계산'!$L$6:$L$79,MATCH($A19&"|2차",'평가군 계산'!$T$6:$T$79,0))),80) | G19: =IF($D19<6,"제5호 — 2차 100% + 1차 조정","-") | H19: =IF($D19<6,0,IF($C19="Y",0.5,0.6)) | I19: =IF($D19<6,1,IF($C19="Y",0.5,0.4)) | J19: =ROUND(IF($D19<6,$I19*$F19+($E19-$F19),$H19*$E19+$I19*$F19),3) | K19: 92.4 | L19: 7 | M19: =COUNTIFS($L$9:$L$45,">=3") | N19: =IF($L19<3,"",COUNTIFS($L$9:$L$45,">=3",$K$9:$K$45,"<"&$K19)+1) | O19: =IF($L19<3,"",INDEX('s(n) 표'!$AQ$5:$AQ$43,MATCH($M19,'s(n) 표'!$A$5:$A$43,0))) | P19: =IF($L19<3,80,ROUND(MEDIAN(60,80+7*NORM.S.INV(($N19-0.375)/($M19+0.25))/$O19,100),3)) | Q19: 90 | R19: =IF($C19="Y",0.85,$B$4)+IF($L19<3,IF($C19="Y",0.1,$B$5),0) | S19: =IF($L19<3,0,IF($C19="Y",0.1,$B$5)) | T19: =ROUND($R19*$J19+$S19*$P19+$B$6*$Q19,3) | U19: =COUNTIF($B$9:$B$45,$B19) | V19: =COUNTIFS($B$9:$B$45,$B19,$T$9:$T$45,">"&$T19)+1 | W19: =INDEX($T$50:$T$51,MATCH($B19,$A$50:$A$51,0)) | X19: =INDEX($U$50:$U$51,MATCH($B19,$A$50:$A$51,0)) | Y19: =INDEX($V$50:$V$51,MATCH($B19,$A$50:$A$51,0)) | Z19: =INDEX($W$50:$W$51,MATCH($B19,$A$50:$A$51,0)) | AA19: =IF($V19<=$W19,"S",IF($V19<=$W19+$X19,"A",IF($V19<=$W19+$X19+$Y19,"B","C"))) | AB19: =IF($AA19="S",$W19,IF($AA19="A",$X19,IF($AA19="B",$Y19,$Z19))) | AC19: =$V19-IF($AA19="S",0,IF($AA19="A",$W19,IF($AA19="B",$W19+$X19,$W19+$X19+$Y19))) | AD19: =ROUND(IF($AA19="S",100,IF($AA19="A",90,IF($AA19="B",80,70)))-(10/$AB19)*($AC19-1),3)
A20: 직원12 | B20: 5급 | C20: N | D20: =INDEX('평가군 계산'!$G$6:$G$79,MATCH($A20&"|1차",'평가군 계산'!$T$6:$T$79,0)) | E20: =INDEX('평가군 계산'!$O$6:$O$79,MATCH($A20&"|1차",'평가군 계산'!$T$6:$T$79,0)) | F20: =IFERROR(IF(INDEX('평가군 계산'!$L$6:$L$79,MATCH($A20&"|2차",'평가군 계산'!$T$6:$T$79,0))="",80,INDEX('평가군 계산'!$L$6:$L$79,MATCH($A20&"|2차",'평가군 계산'!$T$6:$T$79,0))),80) | G20: =IF($D20<6,"제5호 — 2차 100% + 1차 조정","-") | H20: =IF($D20<6,0,IF($C20="Y",0.5,0.6)) | I20: =IF($D20<6,1,IF($C20="Y",0.5,0.4)) | J20: =ROUND(IF($D20<6,$I20*$F20+($E20-$F20),$H20*$E20+$I20*$F20),3) | K20: 75.6 | L20: 8 | M20: =COUNTIFS($L$9:$L$45,">=3") | N20: =IF($L20<3,"",COUNTIFS($L$9:$L$45,">=3",$K$9:$K$45,"<"&$K20)+1) | O20: =IF($L20<3,"",INDEX('s(n) 표'!$AQ$5:$AQ$43,MATCH($M20,'s(n) 표'!$A$5:$A$43,0))) | P20: =IF($L20<3,80,ROUND(MEDIAN(60,80+7*NORM.S.INV(($N20-0.375)/($M20+0.25))/$O20,100),3)) | Q20: 97 | R20: =IF($C20="Y",0.85,$B$4)+IF($L20<3,IF($C20="Y",0.1,$B$5),0) | S20: =IF($L20<3,0,IF($C20="Y",0.1,$B$5)) | T20: =ROUND($R20*$J20+$S20*$P20+$B$6*$Q20,3) | U20: =COUNTIF($B$9:$B$45,$B20) | V20: =COUNTIFS($B$9:$B$45,$B20,$T$9:$T$45,">"&$T20)+1 | W20: =INDEX($T$50:$T$51,MATCH($B20,$A$50:$A$51,0)) | X20: =INDEX($U$50:$U$51,MATCH($B20,$A$50:$A$51,0)) | Y20: =INDEX($V$50:$V$51,MATCH($B20,$A$50:$A$51,0)) | Z20: =INDEX($W$50:$W$51,MATCH($B20,$A$50:$A$51,0)) | AA20: =IF($V20<=$W20,"S",IF($V20<=$W20+$X20,"A",IF($V20<=$W20+$X20+$Y20,"B","C"))) | AB20: =IF($AA20="S",$W20,IF($AA20="A",$X20,IF($AA20="B",$Y20,$Z20))) | AC20: =$V20-IF($AA20="S",0,IF($AA20="A",$W20,IF($AA20="B",$W20+$X20,$W20+$X20+$Y20))) | AD20: =ROUND(IF($AA20="S",100,IF($AA20="A",90,IF($AA20="B",80,70)))-(10/$AB20)*($AC20-1),3)
... A44: 직원36 | B44: 4급 | C44: N | D44: =INDEX('평가군 계산'!$G$6:$G$79,MATCH($A44&"|1차",'평가군 계산'!$T$6:$T$79,0)) | E44: =INDEX('평가군 계산'!$O$6:$O$79,MATCH($A44&"|1차",'평가군 계산'!$T$6:$T$79,0)) | F44: =IFERROR(IF(INDEX('평가군 계산'!$L$6:$L$79,MATCH($A44&"|2차",'평가군 계산'!$T$6:$T$79,0))="",80,INDEX('평가군 계산'!$L$6:$L$79,MATCH($A44&"|2차",'평가군 계산'!$T$6:$T$79,0))),80) | G44: =IF($D44<6,"제5호 — 2차 100% + 1차 조정","-") | H44: =IF($D44<6,0,IF($C44="Y",0.5,0.6)) | I44: =IF($D44<6,1,IF($C44="Y",0.5,0.4)) | J44: =ROUND(IF($D44<6,$I44*$F44+($E44-$F44),$H44*$E44+$I44*$F44),3) | K44: 86.8 | L44: 7 | M44: =COUNTIFS($L$9:$L$45,">=3") | N44: =IF($L44<3,"",COUNTIFS($L$9:$L$45,">=3",$K$9:$K$45,"<"&$K44)+1) | O44: =IF($L44<3,"",INDEX('s(n) 표'!$AQ$5:$AQ$43,MATCH($M44,'s(n) 표'!$A$5:$A$43,0))) | P44: =IF($L44<3,80,ROUND(MEDIAN(60,80+7*NORM.S.INV(($N44-0.375)/($M44+0.25))/$O44,100),3)) | Q44: 100 | R44: =IF($C44="Y",0.85,$B$4)+IF($L44<3,IF($C44="Y",0.1,$B$5),0) | S44: =IF($L44<3,0,IF($C44="Y",0.1,$B$5)) | T44: =ROUND($R44*$J44+$S44*$P44+$B$6*$Q44,3) | U44: =COUNTIF($B$9:$B$45,$B44) | V44: =COUNTIFS($B$9:$B$45,$B44,$T$9:$T$45,">"&$T44)+1 | W44: =INDEX($T$50:$T$51,MATCH($B44,$A$50:$A$51,0)) | X44: =INDEX($U$50:$U$51,MATCH($B44,$A$50:$A$51,0)) | Y44: =INDEX($V$50:$V$51,MATCH($B44,$A$50:$A$51,0)) | Z44: =INDEX($W$50:$W$51,MATCH($B44,$A$50:$A$51,0)) | AA44: =IF($V44<=$W44,"S",IF($V44<=$W44+$X44,"A",IF($V44<=$W44+$X44+$Y44,"B","C"))) | AB44: =IF($AA44="S",$W44,IF($AA44="A",$X44,IF($AA44="B",$Y44,$Z44))) | AC44: =$V44-IF($AA44="S",0,IF($AA44="A",$W44,IF($AA44="B",$W44+$X44,$W44+$X44+$Y44))) | AD44: =ROUND(IF($AA44="S",100,IF($AA44="A",90,IF($AA44="B",80,70)))-(10/$AB44)*($AC44-1),3)
A45: 직원37 | B45: 4급 | C45: N | D45: =INDEX('평가군 계산'!$G$6:$G$79,MATCH($A45&"|1차",'평가군 계산'!$T$6:$T$79,0)) | E45: =INDEX('평가군 계산'!$O$6:$O$79,MATCH($A45&"|1차",'평가군 계산'!$T$6:$T$79,0)) | F45: =IFERROR(IF(INDEX('평가군 계산'!$L$6:$L$79,MATCH($A45&"|2차",'평가군 계산'!$T$6:$T$79,0))="",80,INDEX('평가군 계산'!$L$6:$L$79,MATCH($A45&"|2차",'평가군 계산'!$T$6:$T$79,0))),80) | G45: =IF($D45<6,"제5호 — 2차 100% + 1차 조정","-") | H45: =IF($D45<6,0,IF($C45="Y",0.5,0.6)) | I45: =IF($D45<6,1,IF($C45="Y",0.5,0.4)) | J45: =ROUND(IF($D45<6,$I45*$F45+($E45-$F45),$H45*$E45+$I45*$F45),3) | L45: 2 | M45: =COUNTIFS($L$9:$L$45,">=3") | N45: =IF($L45<3,"",COUNTIFS($L$9:$L$45,">=3",$K$9:$K$45,"<"&$K45)+1) | O45: =IF($L45<3,"",INDEX('s(n) 표'!$AQ$5:$AQ$43,MATCH($M45,'s(n) 표'!$A$5:$A$43,0))) | P45: =IF($L45<3,80,ROUND(MEDIAN(60,80+7*NORM.S.INV(($N45-0.375)/($M45+0.25))/$O45,100),3)) | Q45: 96 | R45: =IF($C45="Y",0.85,$B$4)+IF($L45<3,IF($C45="Y",0.1,$B$5),0) | S45: =IF($L45<3,0,IF($C45="Y",0.1,$B$5)) | T45: =ROUND($R45*$J45+$S45*$P45+$B$6*$Q45,3) | U45: =COUNTIF($B$9:$B$45,$B45) | V45: =COUNTIFS($B$9:$B$45,$B45,$T$9:$T$45,">"&$T45)+1 | W45: =INDEX($T$50:$T$51,MATCH($B45,$A$50:$A$51,0)) | X45: =INDEX($U$50:$U$51,MATCH($B45,$A$50:$A$51,0)) | Y45: =INDEX($V$50:$V$51,MATCH($B45,$A$50:$A$51,0)) | Z45: =INDEX($W$50:$W$51,MATCH($B45,$A$50:$A$51,0)) | AA45: =IF($V45<=$W45,"S",IF($V45<=$W45+$X45,"A",IF($V45<=$W45+$X45+$Y45,"B","C"))) | AB45: =IF($AA45="S",$W45,IF($AA45="A",$X45,IF($AA45="B",$Y45,$Z45))) | AC45: =$V45-IF($AA45="S",0,IF($AA45="A",$W45,IF($AA45="B",$W45+$X45,$W45+$X45+$Y45))) | AD45: =ROUND(IF($AA45="S",100,IF($AA45="A",90,IF($AA45="B",80,70)))-(10/$AB45)*($AC45-1),3)
A48: 직급별 등급 정원 — 최대잔여법 (규칙 제26조①③ · 〈09 수치의 근거〉 §2-3)
A49: 직급 | B49: 인원 m | C49: S 몫 m×0.20 | D49: A 몫 m×0.30 | E49: B 몫 m×0.40 | F49: C 몫 m×0.10 | G49: S 정수부 | H49: A 정수부 | I49: B 정수부 | J49: C 정수부 | K49: 남은 자리 | L49: S 소수부 | M49: A 소수부 | N49: B 소수부 | O49: C 소수부 | P49: S 소수부순위 | Q49: A 소수부순위 | R49: B 소수부순위 | S49: C 소수부순위 | T49: S 정원 | U49: A 정원 | V49: B 정원 | W49: C 정원 | X49: 정원 합계 검증
A50: 5급 | B50: =COUNTIF($B$9:$B$45,$A50) | C50: =$B50*0.2 | D50: =$B50*0.3 | E50: =$B50*0.4 | F50: =$B50*0.1 | G50: =INT($C50) | H50: =INT($D50) | I50: =INT($E50) | J50: =INT($F50) | K50: =$B50-SUM($G50:$J50) | L50: =$C50-$G50 | M50: =$D50-$H50 | N50: =$E50-$I50 | O50: =$F50-$J50 | P50: =RANK.EQ($L50,$L50:$O50,0) | Q50: =RANK.EQ($M50,$L50:$O50,0) | R50: =RANK.EQ($N50,$L50:$O50,0) | S50: =RANK.EQ($O50,$L50:$O50,0) | T50: =$G50+IF($P50<=$K50,1,0) | U50: =$H50+IF($Q50<=$K50,1,0) | V50: =$I50+IF($R50<=$K50,1,0) | W50: =$J50+IF($S50<=$K50,1,0) | X50: =IF(SUM($T50:$W50)=$B50,"PASS","FAIL")
A51: 4급 | B51: =COUNTIF($B$9:$B$45,$A51) | C51: =$B51*0.2 | D51: =$B51*0.3 | E51: =$B51*0.4 | F51: =$B51*0.1 | G51: =INT($C51) | H51: =INT($D51) | I51: =INT($E51) | J51: =INT($F51) | K51: =$B51-SUM($G51:$J51) | L51: =$C51-$G51 | M51: =$D51-$H51 | N51: =$E51-$I51 | O51: =$F51-$J51 | P51: =RANK.EQ($L51,$L51:$O51,0) | Q51: =RANK.EQ($M51,$L51:$O51,0) | R51: =RANK.EQ($N51,$L51:$O51,0) | S51: =RANK.EQ($O51,$L51:$O51,0) | T51: =$G51+IF($P51<=$K51,1,0) | U51: =$H51+IF($Q51<=$K51,1,0) | V51: =$I51+IF($R51<=$K51,1,0) | W51: =$J51+IF($S51<=$K51,1,0) | X51: =IF(SUM($T51:$W51)=$B51,"PASS","FAIL")
A53: ① 인원×비율의 정수부를 먼저 배정한다 ② 남은 자리는 소수부가 큰 등급 순으로 하나씩 배정한다. 4급 7명의 결과 S1·A2·B3·C1은 개정안 [별표 10]의 7명 행과 일치한다.

Sheet 검증
A1: ⑤ 검증 — 개정안 [별표 9]의 산식이 제4호가 정한 값을 실제로 달성하는가
A2: 고지 — 이 파일의 모든 인명·점수는 산식 검증을 위한 모의 예시 데이터이며, 창업진흥원의 실제 근무평정 결과가 아니다.
A3: 모든 판정은 수식이다. ② 평가군 계산의 원점수를 바꾸면 이 시트가 즉시 다시 판정한다.
A5: 1. 평가군별 보정점수 — 평균 80.00 · 표준편차 7.00 (제3호·제4호) / 제7호 조정 합계 0.00
A6: 평가군 | B6: 구분 | C6: 인원 n | D6: 보정점수 평균 | E6: 판정 (=80.00) | F6: 보정점수 표준편차 STDEVP | G6: 제3호가 정하는 기대 표준편차 | H6: 판정 | I6: ÷s(n) 없을 때 표준편차 = 7×s(n) | J6: 제7호 조정 합계 | K6: 판정 (=0.00)
A7: 평가군 1 | B7: 1차 | C7: 10 | D7: =ROUND(AVERAGE('평가군 계산'!$L$6:$L$15),2) | E7: =IF($D7=80,"PASS","FAIL") | F7: =ROUND(STDEVP('평가군 계산'!$L$6:$L$15),2) | G7: 7 | H7: =IF($F7=$G7,"PASS","FAIL") | I7: =ROUND(7*STDEVP('평가군 계산'!$K$6:$K$15),2) | J7: =ROUND(SUM('평가군 계산'!$N$6:$N$15),2) | K7: =IF($J7=0,"PASS","FAIL")
A8: 평가군 2 | B8: 1차 | C8: 4 | D8: 제5호 미실시 | E8: 해당 없음 | F8: 제5호 미실시 | G8: 제5호 미실시 | H8: 해당 없음 | I8: 제5호 미실시 | J8: =ROUND(SUM('평가군 계산'!$N$16:$N$19),2) | K8: =IF($J8=0,"PASS","FAIL")
A9: 평가군 3 | B9: 1차 | C9: 16 | D9: =ROUND(AVERAGE('평가군 계산'!$L$20:$L$35),2) | E9: =IF($D9=80,"PASS","FAIL") | F9: =ROUND(STDEVP('평가군 계산'!$L$20:$L$35),2) | G9: 7 | H9: =IF($F9=$G9,"PASS","FAIL") | I9: =ROUND(7*STDEVP('평가군 계산'!$K$20:$K$35),2) | J9: =ROUND(SUM('평가군 계산'!$N$20:$N$35),2) | K9: =IF($J9=0,"PASS","FAIL")
A10: 평가군 4 | B10: 2차 | C10: 30 | D10: =ROUND(AVERAGE('평가군 계산'!$L$36:$L$65),2) | E10: =IF($D10=80,"PASS","FAIL") | F10: =ROUND(STDEVP('평가군 계산'!$L$36:$L$65),2) | G10: 7 | H10: =IF($F10=$G10,"PASS","FAIL") | I10: =ROUND(7*STDEVP('평가군 계산'!$K$36:$K$65),2) | J10: =ROUND(SUM('평가군 계산'!$N$36:$N$65),2) | K10: =IF($J10=0,"PASS","FAIL")
A11: 평가군 5 | B11: 1차 | C11: 7 | D11: =ROUND(AVERAGE('평가군 계산'!$L$66:$L$72),2) | E11: =IF($D11=80,"PASS","FAIL") | F11: =ROUND(STDEVP('평가군 계산'!$L$66:$L$72),2) | G11: 7 | H11: =IF($F11=$G11,"PASS","FAIL") | I11: =ROUND(7*STDEVP('평가군 계산'!$K$66:$K$72),2) | J11: =ROUND(SUM('평가군 계산'!$N$66:$N$72),2) | K11: =IF($J11=0,"PASS","FAIL")
A12: 평가군 6 | B12: 2차 | C12: 7 | D12: =ROUND(AVERAGE('평가군 계산'!$L$73:$L$79),2) | E12: =IF($D12=80,"PASS","FAIL") | F12: =ROUND(STDEVP('평가군 계산'!$L$73:$L$79),2) | G12: 7 | H12: =IF($F12=$G12,"PASS","FAIL") | I12: =ROUND(7*STDEVP('평가군 계산'!$K$73:$K$79),2) | J12: =ROUND(SUM('평가군 계산'!$N$73:$N$79),2) | K12: =IF($J12=0,"PASS","FAIL")
A13: ★ I열이 제4호의 목표 7.00에 미달한다는 것이 ÷s(n) 을 두는 이유다. F열(실제)과 G열(제3호가 정하는 값)이 일치하면 구현이 규정대로 된 것이다.
A15: 1-2. ÷ s(n) 이 왜 필요한가 — 1차와 2차의 척도를 맞춘다
A16: [별표 9] 제3호는 인원과 무관하게 z를 s(n)으로 나눈다. 그 결과 1차 평가군(부서 3~16명)과 2차 평가군(본부 33~59명)이 모두 표준편차 7.00이 된다. 나눗셈이 없으면 인원이 적을수록 표준편차가 작아져 1차와 2차의 척도가 어긋나고, [별표 2]의 60:40 가중이 의도한 비중대로 작동하지 않는다. 아래 값은 모두 ④ 시트에서 계산된 것이다.
A17: 평가군 인원 n | B17: s(n) (④ 시트) | C17: ÷ s(n) 없을 때 표준편차 | D17: 목표 7.00과의 차 | E17: ÷ s(n) 적용 | F17: 판정
A18: 3 | B18: =INDEX('s(n) 표'!$AP$5:$AP$43,MATCH($A18,'s(n) 표'!$A$5:$A$43,0)) | C18: =ROUND(7*$B18,2) | D18: =ROUND($C18-7,2) | E18: =ROUND(7*$B18/$B18,2) | F18: =IF($E18=7,"PASS","FAIL")
A19: 10 | B19: =INDEX('s(n) 표'!$AP$5:$AP$43,MATCH($A19,'s(n) 표'!$A$5:$A$43,0)) | C19: =ROUND(7*$B19,2) | D19: =ROUND($C19-7,2) | E19: =ROUND(7*$B19/$B19,2) | F19: =IF($E19=7,"PASS","FAIL")
A20: 16 | B20: =INDEX('s(n) 표'!$AP$5:$AP$43,MATCH($A20,'s(n) 표'!$A$5:$A$43,0)) | C20: =ROUND(7*$B20,2) | D20: =ROUND($C20-7,2) | E20: =ROUND(7*$B20/$B20,2) | F20: =IF($E20=7,"PASS","FAIL")
A21: 20 | B21: =INDEX('s(n) 표'!$AP$5:$AP$43,MATCH($A21,'s(n) 표'!$A$5:$A$43,0)) | C21: =ROUND(7*$B21,2) | D21: =ROUND($C21-7,2) | E21: =ROUND(7*$B21/$B21,2) | F21: =IF($E21=7,"PASS","FAIL")
A22: 30 | B22: =INDEX('s(n) 표'!$AP$5:$AP$43,MATCH($A22,'s(n) 표'!$A$5:$A$43,0)) | C22: =ROUND(7*$B22,2) | D22: =ROUND($C22-7,2) | E22: =ROUND(7*$B22/$B22,2) | F22: =IF($E22=7,"PASS","FAIL")
A23: 40 | B23: =INDEX('s(n) 표'!$AP$5:$AP$43,MATCH($A23,'s(n) 표'!$A$5:$A$43,0)) | C23: =ROUND(7*$B23,2) | D23: =ROUND($C23-7,2) | E23: =ROUND(7*$B23/$B23,2) | F23: =IF($E23=7,"PASS","FAIL")
A24: C열이 ÷ s(n) 없이 계산한 표준편차이며 인원이 적을수록 7.00에 미달한다(3명 4.97 · 10명 6.24 · 16명 6.49 · 본부 규모 6.70~6.83). E열이 [별표 9] 제3호를 적용한 값이며 전 구간에서 7.00이다. 엑셀에서는 =STDEVP(z값 범위) 한 줄로 산출되므로 표에 없는 인원도 같은 방법으로 계산한다.
A26: 2. ÷s(n) 의 효과 — 나눗셈이 없으면 어느 평가군도 제4호의 표준편차 7점을 달성하지 못한다
A27: 평가군 인원 n | B27: s(n) (④ 시트 참조) | C27: ÷s(n) 없을 때 표준편차 = 7 × s(n) | D27: ÷s(n) 적용 시 표준편차 = 7 × s(n) ÷ s(n) | E27: 개정안 명시값 | F27: 판정
A28: 3 | B28: =INDEX('s(n) 표'!$AP$5:$AP$43,MATCH($A28,'s(n) 표'!$A$5:$A$43,0)) | C28: =ROUND(7*$B28,2) | D28: =ROUND(7*$B28/$B28,2) | E28: 4.97 | F28: =IF(AND($C28=$E28,$D28=7),"PASS","FAIL")
A29: 5 | B29: =INDEX('s(n) 표'!$AP$5:$AP$43,MATCH($A29,'s(n) 표'!$A$5:$A$43,0)) | C29: =ROUND(7*$B29,2) | D29: =ROUND(7*$B29/$B29,2) | E29: 5.67 | F29: =IF(AND($C29=$E29,$D29=7),"PASS","FAIL")
A30: 10 | B30: =INDEX('s(n) 표'!$AP$5:$AP$43,MATCH($A30,'s(n) 표'!$A$5:$A$43,0)) | C30: =ROUND(7*$B30,2) | D30: =ROUND(7*$B30/$B30,2) | E30: 6.24 | F30: =IF(AND($C30=$E30,$D30=7),"PASS","FAIL")
A31: 16 | B31: =INDEX('s(n) 표'!$AP$5:$AP$43,MATCH($A31,'s(n) 표'!$A$5:$A$43,0)) | C31: =ROUND(7*$B31,2) | D31: =ROUND(7*$B31/$B31,2) | E31: 6.49 | F31: =IF(AND($C31=$E31,$D31=7),"PASS","FAIL")
A32: E열은 개정안 [별표 9] ÷s(n) 설명표의 값(4.97 / 5.67 / 6.24 / 6.49)이다. C열이 그 값을 재현한다.
A34: 3. 부서 내 순위 보존 · 절단 · 동점 · s(n) 표
A35: 검증 항목 | B35: 산출값 | C35: 요구값 | D35: 판정
A36: 원점수 순위 ≠ 보정 후 순위 인 건수 (순위 100% 보존) | B36: =COUNTIF('평가군 계산'!$S$6:$S$79,"★불일치") | C36: 0 | D36: =IF($B36=$C36,"PASS","FAIL")
A37: 동점 입력 건수 (개정 2 — 동점 금지) | B37: =COUNTIF('평가군 계산'!$Q$6:$Q$79,"★동점") | C37: 0 | D37: =IF($B37=$C37,"PASS","FAIL")
A38: 보정점수 절단(60점 미만) 발생 건수 — ② U열 기준 | B38: =COUNTIF('평가군 계산'!$U$6:$U$79,"<60") | C38: 0 | D38: =IF($B38=$C38,"PASS","FAIL")
A39: 보정점수 절단(100점 초과) 발생 건수 — ② U열 기준 | B39: =COUNTIF('평가군 계산'!$U$6:$U$79,">100") | C39: 0 | D39: =IF($B39=$C39,"PASS","FAIL")
A40: 제7호 조정 후 절단 발생 건수 — ② V열 기준 | B40: =COUNTIF('평가군 계산'!$V$6:$V$79,"<60")+COUNTIF('평가군 계산'!$V$6:$V$79,">100") | C40: 0 | D40: =IF($B40=$C40,"PASS","FAIL")
A41: s(n) 표(n=2~16) 참고값 불일치 건수 | B41: =COUNTIF('s(n) 표'!$AS$5:$AS$19,"FAIL") | C41: 0 | D41: =IF($B41=$C41,"PASS","FAIL")
A42: 제7호 조정 총합계 (전 평가군) | B42: =ROUND(SUM('평가군 계산'!$N$6:$N$79),2) | C42: 0 | D42: =IF($B42=$C42,"PASS","FAIL")
A44: 4. 등급 정원 합계 = 직급 인원 (규칙 제26조① · 최대잔여법) / [별표 10] 대조
A45: 직급 | B45: 직급 인원 | C45: S | D45: A | E45: B | F45: C | G45: 정원 합계 | H45: 판정 | I45: [별표 10] 대조
A46: 5급 | B46: ='종합점수·등급'!$B$50 | C46: ='종합점수·등급'!$T$50 | D46: ='종합점수·등급'!$U$50 | E46: ='종합점수·등급'!$V$50 | F46: ='종합점수·등급'!$W$50 | G46: =SUM($C46:$F46) | H46: =IF($G46=$B46,"PASS","FAIL") | I46: 10명 이상 — [별표 10] 대상 아님
A47: 4급 | B47: ='종합점수·등급'!$B$51 | C47: ='종합점수·등급'!$T$51 | D47: ='종합점수·등급'!$U$51 | E47: ='종합점수·등급'!$V$51 | F47: ='종합점수·등급'!$W$51 | G47: =SUM($C47:$F47) | H47: =IF($G47=$B47,"PASS","FAIL") | I47: =IF(AND($B47=7,$C47=1,$D47=2,$E47=3,$F47=1),"PASS — [별표 10] 7명 행(1/2/3/1)과 일치","확인 필요")
A49: 5. 1차·2차 평가자 간 순위 일치도 (스피어만) — 규칙 제9조⑥2호 보고 항목
A50: 평가군 5(1차 4급 7명) 과 평가군 6(2차 4급 7명) 의 순위상관 | B50: =ROUND(CORREL('평가군 계산'!$H$66:$H$72,'평가군 계산'!$H$73:$H$79),4) | C50: 순위끼리의 피어슨 상관 = 스피어만 ρ. 동점이 없으므로 이 등식이 성립한다.
A52: 6. 종합 판정 | B52: =IF(AND(COUNTIF($E$7:$E$12,"FAIL")=0,COUNTIF($H$7:$H$12,"FAIL")=0,COUNTIF($K$7:$K$12,"FAIL")=0,COUNTIF($F$28:$F$31,"FAIL")=0,COUNTIF($D$36:$D$42,"FAIL")=0,COUNTIF($H$46:$H$47,"FAIL")=0),"PASS — 전 항목 통과","FAIL — 위 항목 확인") | C52: ① 평가군별 평균·표준편차·조정 합계 ② ÷s(n) 효과 ③ 순위 보존·절단·동점·s(n) 표 ④ 등급 정원

Sheet 예제
A1: ⑥ 예제 — 세 가지 상황의 재현
A2: 고지 — 이 파일의 모든 인명·점수는 산식 검증을 위한 모의 예시 데이터이며, 창업진흥원의 실제 근무평정 결과가 아니다.
A3: 각 예제는 다른 시트를 참조하지 않고 자기 안에서 수식으로 완결된다(④ s(n) 표만 참조).
A5: 예제 A · 10명 평가군 — 극단 성향 평가자 (부여폭 넓음)
A6: 무엇을 보여주는 예제인가 — 부여폭 38점을 보정하면 표준편차 7.00점으로 압축된다. 부서 내 순위는 그대로 보존된다.
A7: 피평가자 | B7: 원점수 | C7: 인원 n | D7: 순위 r (낮은 순=1위) | E7: s(n) | F7: p | G7: z = Φ⁻¹(p) | H7: 보정점수 ÷s(n) 적용 (별표 9 최종본) | I7: 참고 · ÷s(n) 미적용 (세부지침 §1-2 표기값) | J7: 조정 (제7호) | K7: 조정 후 점수
A8: 직원 A | B8: 98 | C8: =COUNT($B$8:$B$17) | D8: =RANK.EQ($B8,$B$8:$B$17,1) | E8: =INDEX('s(n) 표'!$AQ$5:$AQ$43,MATCH($C8,'s(n) 표'!$A$5:$A$43,0)) | F8: =($D8-0.375)/($C8+0.25) | G8: =NORM.S.INV($F8) | H8: =ROUND(MEDIAN(60,80+7*$G8/$E8,100),3) | I8: =ROUND(MEDIAN(60,80+7*$G8,100),3) | J8: 5 | K8: =ROUND(MEDIAN(60,$H8+$J8,100),3)
A9: 직원 B | B9: 95 | C9: =COUNT($B$8:$B$17) | D9: =RANK.EQ($B9,$B$8:$B$17,1) | E9: =INDEX('s(n) 표'!$AQ$5:$AQ$43,MATCH($C9,'s(n) 표'!$A$5:$A$43,0)) | F9: =($D9-0.375)/($C9+0.25) | G9: =NORM.S.INV($F9) | H9: =ROUND(MEDIAN(60,80+7*$G9/$E9,100),3) | I9: =ROUND(MEDIAN(60,80+7*$G9,100),3) | J9: 3 | K9: =ROUND(MEDIAN(60,$H9+$J9,100),3)
A10: 직원 C | B10: 92 | C10: =COUNT($B$8:$B$17) | D10: =RANK.EQ($B10,$B$8:$B$17,1) | E10: =INDEX('s(n) 표'!$AQ$5:$AQ$43,MATCH($C10,'s(n) 표'!$A$5:$A$43,0)) | F10: =($D10-0.375)/($C10+0.25) | G10: =NORM.S.INV($F10) | H10: =ROUND(MEDIAN(60,80+7*$G10/$E10,100),3) | I10: =ROUND(MEDIAN(60,80+7*$G10,100),3) | J10: 2 | K10: =ROUND(MEDIAN(60,$H10+$J10,100),3)
A11: 직원 D | B11: 88 | C11: =COUNT($B$8:$B$17) | D11: =RANK.EQ($B11,$B$8:$B$17,1) | E11: =INDEX('s(n) 표'!$AQ$5:$AQ$43,MATCH($C11,'s(n) 표'!$A$5:$A$43,0)) | F11: =($D11-0.375)/($C11+0.25) | G11: =NORM.S.INV($F11) | H11: =ROUND(MEDIAN(60,80+7*$G11/$E11,100),3) | I11: =ROUND(MEDIAN(60,80+7*$G11,100),3) | J11: 1 | K11: =ROUND(MEDIAN(60,$H11+$J11,100),3)
A12: 직원 E | B12: 84 | C12: =COUNT($B$8:$B$17) | D12: =RANK.EQ($B12,$B$8:$B$17,1) | E12: =INDEX('s(n) 표'!$AQ$5:$AQ$43,MATCH($C12,'s(n) 표'!$A$5:$A$43,0)) | F12: =($D12-0.375)/($C12+0.25) | G12: =NORM.S.INV($F12) | H12: =ROUND(MEDIAN(60,80+7*$G12/$E12,100),3) | I12: =ROUND(MEDIAN(60,80+7*$G12,100),3) | J12: 0 | K12: =ROUND(MEDIAN(60,$H12+$J12,100),3)
A13: 직원 F | B13: 80 | C13: =COUNT($B$8:$B$17) | D13: =RANK.EQ($B13,$B$8:$B$17,1) | E13: =INDEX('s(n) 표'!$AQ$5:$AQ$43,MATCH($C13,'s(n) 표'!$A$5:$A$43,0)) | F13: =($D13-0.375)/($C13+0.25) | G13: =NORM.S.INV($F13) | H13: =ROUND(MEDIAN(60,80+7*$G13/$E13,100),3) | I13: =ROUND(MEDIAN(60,80+7*$G13,100),3) | J13: 0 | K13: =ROUND(MEDIAN(60,$H13+$J13,100),3)
A14: 직원 G | B14: 76 | C14: =COUNT($B$8:$B$17) | D14: =RANK.EQ($B14,$B$8:$B$17,1) | E14: =INDEX('s(n) 표'!$AQ$5:$AQ$43,MATCH($C14,'s(n) 표'!$A$5:$A$43,0)) | F14: =($D14-0.375)/($C14+0.25) | G14: =NORM.S.INV($F14) | H14: =ROUND(MEDIAN(60,80+7*$G14/$E14,100),3) | I14: =ROUND(MEDIAN(60,80+7*$G14,100),3) | J14: -1 | K14: =ROUND(MEDIAN(60,$H14+$J14,100),3)
A15: 직원 H | B15: 72 | C15: =COUNT($B$8:$B$17) | D15: =RANK.EQ($B15,$B$8:$B$17,1) | E15: =INDEX('s(n) 표'!$AQ$5:$AQ$43,MATCH($C15,'s(n) 표'!$A$5:$A$43,0)) | F15: =($D15-0.375)/($C15+0.25) | G15: =NORM.S.INV($F15) | H15: =ROUND(MEDIAN(60,80+7*$G15/$E15,100),3) | I15: =ROUND(MEDIAN(60,80+7*$G15,100),3) | J15: -2 | K15: =ROUND(MEDIAN(60,$H15+$J15,100),3)
A16: 직원 I | B16: 66 | C16: =COUNT($B$8:$B$17) | D16: =RANK.EQ($B16,$B$8:$B$17,1) | E16: =INDEX('s(n) 표'!$AQ$5:$AQ$43,MATCH($C16,'s(n) 표'!$A$5:$A$43,0)) | F16: =($D16-0.375)/($C16+0.25) | G16: =NORM.S.INV($F16) | H16: =ROUND(MEDIAN(60,80+7*$G16/$E16,100),3) | I16: =ROUND(MEDIAN(60,80+7*$G16,100),3) | J16: -3 | K16: =ROUND(MEDIAN(60,$H16+$J16,100),3)
A17: 직원 J | B17: 60 | C17: =COUNT($B$8:$B$17) | D17: =RANK.EQ($B17,$B$8:$B$17,1) | E17: =INDEX('s(n) 표'!$AQ$5:$AQ$43,MATCH($C17,'s(n) 표'!$A$5:$A$43,0)) | F17: =($D17-0.375)/($C17+0.25) | G17: =NORM.S.INV($F17) | H17: =ROUND(MEDIAN(60,80+7*$G17/$E17,100),3) | I17: =ROUND(MEDIAN(60,80+7*$G17,100),3) | J17: -5 | K17: =ROUND(MEDIAN(60,$H17+$J17,100),3)
A18: 평균 | B18: =ROUND(AVERAGE($B$8:$B$17),3) | H18: =ROUND(AVERAGE($H$8:$H$17),3) | I18: =ROUND(AVERAGE($I$8:$I$17),3) | J18: =ROUND(SUM($J$8:$J$17),2) | K18: =ROUND(AVERAGE($K$8:$K$17),3) | L18: =IF($J18=0,"PASS — 조정 합계 0 (제7호)","FAIL")
A19: 표준편차 STDEVP | B19: =ROUND(STDEVP($B$8:$B$17),3) | H19: =ROUND(STDEVP($H$8:$H$17),3) | I19: =ROUND(STDEVP($I$8:$I$17),3)
A20: 부여폭 (최고−최저) | B20: =ROUND(MAX($B$8:$B$17)-MIN($B$8:$B$17),3) | H20: =ROUND(MAX($H$8:$H$17)-MIN($H$8:$H$17),3)
A21: H열이 개정안 [별표 9] 최종본(÷s(n) 적용)이다. I열은 ÷s(n)이 없던 단계의 값으로, 〈08 세부지침〉 §1-2 표(90.83 … 69.17)와 같다. 최종본에서는 92.137 … 67.863 이 되고 표준편차가 6.244 → 7.000 으로 제4호의 목표값을 달성한다.
A23: 예제 B · 4명 평가군 — [별표 9] 제5호 적용 (1차 보정 미실시 · 2차 100%)
A24: 무엇을 보여주는 예제인가 — 6명 미만이므로 제3호 보정을 실시하지 아니하고, 2차 평가자의 보정점수를 100% 반영한다. 1차 평가자의 ±5점 조정만 남는다.
A25: 피평가자 | B25: 원점수 | C25: 인원 n | D25: 순위 r (낮은 순=1위) | E25: s(n) | F25: p | G25: z = Φ⁻¹(p) | H25: 보정점수 ÷s(n) 적용 (별표 9 최종본) | I25: 참고 · ÷s(n) 미적용 (세부지침 §1-2 표기값)
A26: 직원 A | B26: 92 | C26: =COUNT($B$26:$B$29) | D26: =RANK.EQ($B26,$B$26:$B$29,1) | E26: =INDEX('s(n) 표'!$AQ$5:$AQ$43,MATCH($C26,'s(n) 표'!$A$5:$A$43,0)) | F26: =($D26-0.375)/($C26+0.25) | G26: =NORM.S.INV($F26) | H26: =ROUND(MEDIAN(60,80+7*$G26/$E26,100),3) | I26: =ROUND(MEDIAN(60,80+7*$G26,100),3)
A27: 직원 B | B27: 86 | C27: =COUNT($B$26:$B$29) | D27: =RANK.EQ($B27,$B$26:$B$29,1) | E27: =INDEX('s(n) 표'!$AQ$5:$AQ$43,MATCH($C27,'s(n) 표'!$A$5:$A$43,0)) | F27: =($D27-0.375)/($C27+0.25) | G27: =NORM.S.INV($F27) | H27: =ROUND(MEDIAN(60,80+7*$G27/$E27,100),3) | I27: =ROUND(MEDIAN(60,80+7*$G27,100),3)
A28: 직원 C | B28: 78 | C28: =COUNT($B$26:$B$29) | D28: =RANK.EQ($B28,$B$26:$B$29,1) | E28: =INDEX('s(n) 표'!$AQ$5:$AQ$43,MATCH($C28,'s(n) 표'!$A$5:$A$43,0)) | F28: =($D28-0.375)/($C28+0.25) | G28: =NORM.S.INV($F28) | H28: =ROUND(MEDIAN(60,80+7*$G28/$E28,100),3) | I28: =ROUND(MEDIAN(60,80+7*$G28,100),3)
A29: 직원 D | B29: 70 | C29: =COUNT($B$26:$B$29) | D29: =RANK.EQ($B29,$B$26:$B$29,1) | E29: =INDEX('s(n) 표'!$AQ$5:$AQ$43,MATCH($C29,'s(n) 표'!$A$5:$A$43,0)) | F29: =($D29-0.375)/($C29+0.25) | G29: =NORM.S.INV($F29) | H29: =ROUND(MEDIAN(60,80+7*$G29/$E29,100),3) | I29: =ROUND(MEDIAN(60,80+7*$G29,100),3)
A30: 평균 | B30: =ROUND(AVERAGE($B$26:$B$29),3) | H30: =ROUND(AVERAGE($H$26:$H$29),3) | I30: =ROUND(AVERAGE($I$26:$I$29),3)
A31: 표준편차 STDEVP | B31: =ROUND(STDEVP($B$26:$B$29),3) | H31: =ROUND(STDEVP($H$26:$H$29),3) | I31: =ROUND(STDEVP($I$26:$I$29),3)
A32: 부여폭 (최고−최저) | B32: =ROUND(MAX($B$26:$B$29)-MIN($B$26:$B$29),3) | H32: =ROUND(MAX($H$26:$H$29)-MIN($H$26:$H$29),3)
A33: 아래 표가 제5호의 실제 계산이다. 위 H·I열의 값은 「4명 평가군에 제3호를 그대로 적용하면 어떻게 되는가」를 참고로 보여주는 것이며, 제5호에 따라 사용하지 아니한다.
A35: 예제 B 계산 — 제5호에 따른 실제 산출
A36: 피평가자 | B36: 1차 원점수 (참고) | C36: 2차 평가군 인원 | D36: 2차 평가군 순위 | E36: 2차 s(n) | F36: 2차 보정점수 = 업적·역량 100% | G36: 1차 조정 (제7호) | H36: 최종 점수
A37: 직원 A | B37: 92 | C37: 36 | D37: 31 | E37: =INDEX('s(n) 표'!$AQ$5:$AQ$43,MATCH($C37,'s(n) 표'!$A$5:$A$43,0)) | F37: =ROUND(MEDIAN(60,80+7*NORM.S.INV(($D37-0.375)/($C37+0.25))/$E37,100),3) | G37: 4 | H37: =ROUND(MEDIAN(60,$F37+$G37,100),3)
A38: 직원 B | B38: 86 | C38: 36 | D38: 22 | E38: =INDEX('s(n) 표'!$AQ$5:$AQ$43,MATCH($C38,'s(n) 표'!$A$5:$A$43,0)) | F38: =ROUND(MEDIAN(60,80+7*NORM.S.INV(($D38-0.375)/($C38+0.25))/$E38,100),3) | G38: 1 | H38: =ROUND(MEDIAN(60,$F38+$G38,100),3)
A39: 직원 C | B39: 78 | C39: 36 | D39: 13 | E39: =INDEX('s(n) 표'!$AQ$5:$AQ$43,MATCH($C39,'s(n) 표'!$A$5:$A$43,0)) | F39: =ROUND(MEDIAN(60,80+7*NORM.S.INV(($D39-0.375)/($C39+0.25))/$E39,100),3) | G39: -1 | H39: =ROUND(MEDIAN(60,$F39+$G39,100),3)
A40: 직원 D | B40: 70 | C40: 36 | D40: 6 | E40: =INDEX('s(n) 표'!$AQ$5:$AQ$43,MATCH($C40,'s(n) 표'!$A$5:$A$43,0)) | F40: =ROUND(MEDIAN(60,80+7*NORM.S.INV(($D40-0.375)/($C40+0.25))/$E40,100),3) | G40: -4 | H40: =ROUND(MEDIAN(60,$F40+$G40,100),3)
A41: 합계 / 평균 | F41: =ROUND(AVERAGE($F$37:$F$40),3) | G41: =ROUND(SUM($G$37:$G$40),2) | H41: =ROUND(AVERAGE($H$37:$H$40),3) | I41: =IF(AND($G41=0,ROUND($F41,3)=ROUND($H41,3)),"PASS — 조정 합계 0이므로 평가군 평균 불변","FAIL")
A42: 2차 평가자의 평가군 인원도 6명 미만이면 80점을 부여한다([별표 9] 제5호 후단). 위 조건(2차 36명 · 순위 6/15/24/31)은 〈08 세부지침〉 §1-3 예제와 같고, n=36 ≥ 17 이므로 s(n)=1 이어서 세부지침의 87.10 / 81.71 / 77.27 / 72.90 과 일치한다.
A45: 예제 C · 10명 평가군 — 균등 성향 평가자 (전원 78~80점) ★ 개정안의 핵심 효과
A46: 무엇을 보여주는 예제인가 — 부여폭 1.8점밖에 없던 평가군에 보정 후 표준편차 7.00점의 차등이 생긴다. 예제 A와 보정점수가 완전히 같아진다.
A47: 피평가자 | B47: 원점수 | C47: 인원 n | D47: 순위 r (낮은 순=1위) | E47: s(n) | F47: p | G47: z = Φ⁻¹(p) | H47: 보정점수 ÷s(n) 적용 (별표 9 최종본) | I47: 참고 · ÷s(n) 미적용 (세부지침 §1-2 표기값) | M47: 예제 A 같은 순위와의 차
A48: 직원 A | B48: 78 | C48: =COUNT($B$48:$B$57) | D48: =RANK.EQ($B48,$B$48:$B$57,1) | E48: =INDEX('s(n) 표'!$AQ$5:$AQ$43,MATCH($C48,'s(n) 표'!$A$5:$A$43,0)) | F48: =($D48-0.375)/($C48+0.25) | G48: =NORM.S.INV($F48) | H48: =ROUND(MEDIAN(60,80+7*$G48/$E48,100),3) | I48: =ROUND(MEDIAN(60,80+7*$G48,100),3) | M48: =IFERROR(ROUND($H48,3)-ROUND(INDEX($H$8:$H$17,MATCH($D48,$D$8:$D$17,0)),3),"예제 A에 같은 순위가 없다")
A49: 직원 B | B49: 78.2 | C49: =COUNT($B$48:$B$57) | D49: =RANK.EQ($B49,$B$48:$B$57,1) | E49: =INDEX('s(n) 표'!$AQ$5:$AQ$43,MATCH($C49,'s(n) 표'!$A$5:$A$43,0)) | F49: =($D49-0.375)/($C49+0.25) | G49: =NORM.S.INV($F49) | H49: =ROUND(MEDIAN(60,80+7*$G49/$E49,100),3) | I49: =ROUND(MEDIAN(60,80+7*$G49,100),3) | M49: =IFERROR(ROUND($H49,3)-ROUND(INDEX($H$8:$H$17,MATCH($D49,$D$8:$D$17,0)),3),"예제 A에 같은 순위가 없다")
A50: 직원 C | B50: 78.4 | C50: =COUNT($B$48:$B$57) | D50: =RANK.EQ($B50,$B$48:$B$57,1) | E50: =INDEX('s(n) 표'!$AQ$5:$AQ$43,MATCH($C50,'s(n) 표'!$A$5:$A$43,0)) | F50: =($D50-0.375)/($C50+0.25) | G50: =NORM.S.INV($F50) | H50: =ROUND(MEDIAN(60,80+7*$G50/$E50,100),3) | I50: =ROUND(MEDIAN(60,80+7*$G50,100),3) | M50: =IFERROR(ROUND($H50,3)-ROUND(INDEX($H$8:$H$17,MATCH($D50,$D$8:$D$17,0)),3),"예제 A에 같은 순위가 없다")
A51: 직원 D | B51: 78.6 | C51: =COUNT($B$48:$B$57) | D51: =RANK.EQ($B51,$B$48:$B$57,1) | E51: =INDEX('s(n) 표'!$AQ$5:$AQ$43,MATCH($C51,'s(n) 표'!$A$5:$A$43,0)) | F51: =($D51-0.375)/($C51+0.25) | G51: =NORM.S.INV($F51) | H51: =ROUND(MEDIAN(60,80+7*$G51/$E51,100),3) | I51: =ROUND(MEDIAN(60,80+7*$G51,100),3) | M51: =IFERROR(ROUND($H51,3)-ROUND(INDEX($H$8:$H$17,MATCH($D51,$D$8:$D$17,0)),3),"예제 A에 같은 순위가 없다")
A52: 직원 E | B52: 78.8 | C52: =COUNT($B$48:$B$57) | D52: =RANK.EQ($B52,$B$48:$B$57,1) | E52: =INDEX('s(n) 표'!$AQ$5:$AQ$43,MATCH($C52,'s(n) 표'!$A$5:$A$43,0)) | F52: =($D52-0.375)/($C52+0.25) | G52: =NORM.S.INV($F52) | H52: =ROUND(MEDIAN(60,80+7*$G52/$E52,100),3) | I52: =ROUND(MEDIAN(60,80+7*$G52,100),3) | M52: =IFERROR(ROUND($H52,3)-ROUND(INDEX($H$8:$H$17,MATCH($D52,$D$8:$D$17,0)),3),"예제 A에 같은 순위가 없다")
A53: 직원 F | B53: 79 | C53: =COUNT($B$48:$B$57) | D53: =RANK.EQ($B53,$B$48:$B$57,1) | E53: =INDEX('s(n) 표'!$AQ$5:$AQ$43,MATCH($C53,'s(n) 표'!$A$5:$A$43,0)) | F53: =($D53-0.375)/($C53+0.25) | G53: =NORM.S.INV($F53) | H53: =ROUND(MEDIAN(60,80+7*$G53/$E53,100),3) | I53: =ROUND(MEDIAN(60,80+7*$G53,100),3) | M53: =IFERROR(ROUND($H53,3)-ROUND(INDEX($H$8:$H$17,MATCH($D53,$D$8:$D$17,0)),3),"예제 A에 같은 순위가 없다")
A54: 직원 G | B54: 79.2 | C54: =COUNT($B$48:$B$57) | D54: =RANK.EQ($B54,$B$48:$B$57,1) | E54: =INDEX('s(n) 표'!$AQ$5:$AQ$43,MATCH($C54,'s(n) 표'!$A$5:$A$43,0)) | F54: =($D54-0.375)/($C54+0.25) | G54: =NORM.S.INV($F54) | H54: =ROUND(MEDIAN(60,80+7*$G54/$E54,100),3) | I54: =ROUND(MEDIAN(60,80+7*$G54,100),3) | M54: =IFERROR(ROUND($H54,3)-ROUND(INDEX($H$8:$H$17,MATCH($D54,$D$8:$D$17,0)),3),"예제 A에 같은 순위가 없다")
A55: 직원 H | B55: 79.4 | C55: =COUNT($B$48:$B$57) | D55: =RANK.EQ($B55,$B$48:$B$57,1) | E55: =INDEX('s(n) 표'!$AQ$5:$AQ$43,MATCH($C55,'s(n) 표'!$A$5:$A$43,0)) | F55: =($D55-0.375)/($C55+0.25) | G55: =NORM.S.INV($F55) | H55: =ROUND(MEDIAN(60,80+7*$G55/$E55,100),3) | I55: =ROUND(MEDIAN(60,80+7*$G55,100),3) | M55: =IFERROR(ROUND($H55,3)-ROUND(INDEX($H$8:$H$17,MATCH($D55,$D$8:$D$17,0)),3),"예제 A에 같은 순위가 없다")
A56: 직원 I | B56: 79.6 | C56: =COUNT($B$48:$B$57) | D56: =RANK.EQ($B56,$B$48:$B$57,1) | E56: =INDEX('s(n) 표'!$AQ$5:$AQ$43,MATCH($C56,'s(n) 표'!$A$5:$A$43,0)) | F56: =($D56-0.375)/($C56+0.25) | G56: =NORM.S.INV($F56) | H56: =ROUND(MEDIAN(60,80+7*$G56/$E56,100),3) | I56: =ROUND(MEDIAN(60,80+7*$G56,100),3) | M56: =IFERROR(ROUND($H56,3)-ROUND(INDEX($H$8:$H$17,MATCH($D56,$D$8:$D$17,0)),3),"예제 A에 같은 순위가 없다")
A57: 직원 J | B57: 79.8 | C57: =COUNT($B$48:$B$57) | D57: =RANK.EQ($B57,$B$48:$B$57,1) | E57: =INDEX('s(n) 표'!$AQ$5:$AQ$43,MATCH($C57,'s(n) 표'!$A$5:$A$43,0)) | F57: =($D57-0.375)/($C57+0.25) | G57: =NORM.S.INV($F57) | H57: =ROUND(MEDIAN(60,80+7*$G57/$E57,100),3) | I57: =ROUND(MEDIAN(60,80+7*$G57,100),3) | M57: =IFERROR(ROUND($H57,3)-ROUND(INDEX($H$8:$H$17,MATCH($D57,$D$8:$D$17,0)),3),"예제 A에 같은 순위가 없다")
A58: 평균 | B58: =ROUND(AVERAGE($B$48:$B$57),3) | H58: =ROUND(AVERAGE($H$48:$H$57),3) | I58: =ROUND(AVERAGE($I$48:$I$57),3)
A59: 표준편차 STDEVP | B59: =ROUND(STDEVP($B$48:$B$57),3) | H59: =ROUND(STDEVP($H$48:$H$57),3) | I59: =ROUND(STDEVP($I$48:$I$57),3)
A60: 부여폭 (최고−최저) | B60: =ROUND(MAX($B$48:$B$57)-MIN($B$48:$B$57),3) | H60: =ROUND(MAX($H$48:$H$57)-MIN($H$48:$H$57),3)
A61: 예제 A(부여폭 38점)와 예제 C(부여폭 1.8점)의 H열 보정점수가 소수점까지 같다. 이것이 [별표 9]가 하는 일이다 — 평가자가 넓게 주든 좁게 주든 결과가 같아지고, 차등이 없던 평가군에 차등이 생긴다.
A63: 예제 A와 예제 C의 보정점수 동일성 검증 | B63: =IF(COUNTIF($M$48:$M$57,"<>0")=0,"PASS — 두 예제의 보정점수가 전부 일치한다 (차이 0)","FAIL — M열 확인") | H63: 차이 합계 | I63: =IFERROR(ROUND(SUM($M$48:$M$57),3),"산출 불가 — M열 확인")

Sheet MIS 요구사항
A1: ⑦ MIS 요구사항 — 내부경영정보시스템 근무평정 모듈 기능 명세(요청안)
A2: 이 계산서의 계산을 시스템에 넣기 위한 기능 요건이다. 우선순위 ★는 규정 시행에 반드시 필요한 항목이다.
A4: 구분 | B4: No | C4: 요구 기능 | D4: 상세 요건 | E4: 근거 | F4: 우선순위
A5: 화면 | B5: 1 | C5: 평가자 점수 입력 화면 | D5: 피평가자별 원점수(60~100)를 입력한다. 평가군 인원 n과 입력 진행률을 함께 표시한다. | E5: 규칙 제9조① · [별표 1] | F5: ★
A6: 화면 | B6: 2 | C6: 동점 입력 차단 | D6: 같은 평가군 내에서 이미 사용된 점수를 다시 입력하면 저장을 차단하고, 사용 가능한 점수를 안내한다. 경고가 아니라 저장 차단이어야 한다 — 동점이 있으면 순위가 중복되어 [별표 9] 제2호·제3호가 성립하지 않는다. | E6: 개정 2 (제9조⑥) · [별표 9] 제2호 | F6: ★
A7: 화면 | B7: 3 | C7: 보정 결과 비공개 | D7: 평가자 화면에는 원점수만 표시한다. 보정점수·보정 후 순위를 평가자에게 미리 보여주지 아니한다. | E7: 〈08 세부지침〉 §4-2 | F7: ★
A8: 화면 | B8: 4 | C8: 제7호 조정 화면 | D8: 1차 평가자에게 평가군 단위로 보정점수 목록과 조정 입력란(±5점)을 제시하고, 조정 합계를 실시간으로 표시한다. | E8: [별표 9] 제7호 | F8: ★
A9: 입력 | B9: 5 | C9: 조정 합계 0 저장 차단 | D9: 평가군 내 조정점수 합계가 0이 아니면 저장을 차단한다. 잔차가 남은 경우 제7호 가·나·다 순서의 배분 결과를 제시하고, 배분 후에도 남는 잔차는 별도 항목으로 기록한다. | E9: [별표 9] 제7호 가·나·다 | F9: ★
A10: 입력 | B10: 6 | C10: 조정 사유 필수 입력 | D10: 조정량이 0이 아닌 피평가자는 사유 입력 없이 저장할 수 없다. 사유는 평가표에 함께 저장한다. | E10: [별표 9] 제7호 후단 | F10: ★
A11: 입력 | B11: 7 | C11: ±5점 범위 검증 | D11: 개별 조정량이 −5 ~ +5 를 벗어나면 입력을 거부한다. | E11: [별표 9] 제7호 | F11: ★
A12: 입력 | B12: 8 | C12: 다면평가 평가자 지정 이력 | D12: 피평가자 추천(5인 이상) → 부서장 확인 → 인사담당부서장 지정의 3단계 이력을 각 단계 일시와 처리자와 함께 보관한다. 1차 평가자는 다면평가자로 지정할 수 없도록 시스템이 차단한다. | E12: 개정 15 (제22조①②③) | F12: ★
A13: 계산 | B13: 9 | C13: 보정 일괄 실행 | D13: 평가 마감 후 인사담당부서만 보정을 실행한다. 평가자별·평가구분별·직급군별로 평가군을 자동 구성하고 [별표 9] 제3호를 적용한다. 실행 시점·실행자를 로그로 남긴다. | E13: 제9조④ · 〈08 세부지침〉 §4-2 | F13: ★
A14: 계산 | B14: 10 | C14: s(n) 내장 | D14: n = 2~40 의 s(n)을 계산식(정규 순서통계량의 표준편차)으로 내장하고 n ≥ 17 은 1을 적용한다. 상수표를 하드코딩하지 아니한다. 제3호 후단이 개정되어 s(n) 적용 구간이 확대되는 경우 설정 변경만으로 대응할 수 있게 설계한다. | E14: [별표 9] 제3호 | F14: ★
A15: 계산 | B15: 11 | C15: 제5호 자동 판정 | D15: 평가군 인원이 6명 미만이면 1차 보정을 건너뛰고 2차 보정점수를 100% 반영한다. 2차 평가군도 6명 미만이면 80점을 부여한다. 적용 평가군 수를 집계한다. | E15: [별표 9] 제5호 · 제9조⑦3호 | F15: ★
A16: 계산 | B16: 12 | C16: 소수점 셋째자리 반올림 | D16: 보정점수·조정 후 점수·종합점수를 소수점 셋째자리에서 반올림하여 저장한다. 표시 단계가 아니라 저장 단계에서 확정한다. | E16: [별표 9] 제3호 | F16: ★
... A33: 권한 | B33: 29 | C33: 다면평가 익명성 | D33: 다면평가 평가자 명단과 개별 부여점수는 인사담당부서와 감사 외에 조회할 수 없도록 한다. 분포 집계는 익명으로만 출력한다. | E33: 개정 15 (제22조④⑧) | F33: ★

Sheet 근거 조문
A1: ⑧ 근거 조문 — 이 계산서의 각 계산이 개정안의 어느 조문에 대응하는가
A2: 정본은 docs/amendments.md 이다. 이 표는 대응관계만 정리한 것이다.
A4: 시트 · 항목 | B4: 계산 내용 | C4: 근거 조문 | D4: 비고
A5: ② 평가군 계산 A~D열 | B5: 평가자 · 평가구분 · 직급군으로 평가군을 구성한다. 1차와 2차를 각각 별도로 보정한다. | C5: [별표 9] 제1호 | D5: 1차·2차 반영비율은 [별표 2]
A6: ② H열 순위 r | B6: 평가군 내에서 낮은 점수부터 1위를 부여한다(최저점자 1위 · 최고점자 n위). | C6: [별표 9] 제2호 | D6: RANK.EQ(…,1) 오름차순
A7: ② Q열 동점 경고 | B7: 동일 평가군 내 동점 입력을 탐지한다. | C7: 개정 2 (제9조⑥) · [별표 9] 제2호 | D7: 동점은 순위 중복을 낳아 산식을 깨뜨린다
A8: ② I열 s(n) | B8: 인원 n일 때 z값들의 표준편차. 17명 이상은 1로 본다. | C8: [별표 9] 제3호 | D8: ④ s(n) 표에서 계산
A9: ② J~L열 보정점수 | B9: z = Φ⁻¹((r−0.375)/(n+0.25)) · 보정점수 = 80 + 7 × z ÷ s(n) | C9: [별표 9] 제3호 | D9: Blom 정규 순서통계량
A10: ② L열 절단·반올림 | B10: 60점 미만은 60점, 100점 초과는 100점. 소수점 셋째자리 반올림. | C10: [별표 9] 제3호 | D10: MEDIAN(60,x,100) · ROUND(x,3)
A11: 기준값 80 · 7 | B11: 80은 [별표 7] 평정점 구간(60~100)의 중앙값, 7은 정수로서 검산 재현성이 보장되는 값. | C11: [별표 9] 제4호 | D11: 노사 협의로 달리 정할 수 있다
A12: ② M열 제5호 | B12: 인원 6명 미만이면 제3호 보정을 실시하지 아니하고 2차 보정점수를 100% 반영한다. 2차도 6명 미만이면 80점. | C12: [별표 9] 제5호 | D12: 적용 평가군 수는 제9조⑦3호 보고 항목
A13: ② N~P열 제7호 | B13: 1차 평가자가 ±5점 범위에서 조정한다. 평가군 내 합계는 0. 조정 사유를 기재한다. | C13: [별표 9] 제7호 | D13: 잔차 배분 순서는 같은 호 가·나·다
A14: ② R~S열 순위 보존 | B14: 원점수 순위와 보정점수 순위가 일치하는지 확인한다. | C14: [별표 9] 제2호·제3호 | D14: 단조변환이므로 정의상 100% 보존
A15: ③ H~J열 업적·역량 | B15: 1차 60% + 2차 40%. 부서장(4급 이상)은 50:50. | C15: [별표 2] · 규칙 제9조② | D15: 제5호 적용 시 2차 100%
... A26: ⑦ MIS 요구사항 | B26: 보정 실행 주체·시점, 보정 전·후 점수 보관, 보고 항목 자동 산출 | C26: 제9조④⑥⑦ · 제28조① · 제22조⑧ | D26: 제31조의2에 따라 노사협의회 협의 대상
